분류기,표현순위,입력,analyzer,ngram,min_df,max_df,sublinear,use_idf,설정,CV_MacroF1,CV_std
LogReg(다항),6,title,char_wb,"(2, 3)",1,1.0,False,False,"{'C': 30.0, 'class_weight': 'balanced'}",0.827577281565155,0.030347991980813952
LogReg(다항),5,title,char_wb,"(2, 3)",1,0.9,False,False,"{'C': 30.0, 'class_weight': 'balanced'}",0.827577281565155,0.030347991980813952
LogReg(다항),6,title,char_wb,"(2, 3)",1,1.0,False,False,"{'C': 90.0, 'class_weight': 'balanced'}",0.8257825276695531,0.029570520739380327
LogReg(OvR),6,title,char_wb,"(2, 3)",1,1.0,False,False,"{'C': 30.0, 'class_weight': 'balanced'}",0.8226252976151256,0.03414417149385793
LogReg(OvR),5,title,char_wb,"(2, 3)",1,0.9,False,False,"{'C': 30.0, 'class_weight': 'balanced'}",0.8226252976151256,0.03414417149385793
LinearSVC,1,title,char_wb,"(2, 3)",3,1.0,True,True,"{'C': 1.0, 'class_weight': 'balanced'}",0.8220860827177502,0.029305672278783886
LinearSVC,2,title,char_wb,"(2, 3)",3,0.9,True,True,"{'C': 1.0, 'class_weight': 'balanced'}",0.8220860827177502,0.029305672278783886
LinearSVC,9,title,char,"(2, 3)",3,1.0,True,True,"{'C': 0.3, 'class_weight': 'balanced'}",0.8216967092489462,0.021493434619936982
LinearSVC,10,title,char,"(2, 3)",3,0.9,True,True,"{'C': 0.3, 'class_weight': 'balanced'}",0.8216967092489462,0.021493434619936982
LinearSVC,3,title,char_wb,"(2, 3)",3,0.9,False,True,"{'C': 1.0, 'class_weight': 'balanced'}",0.8214394895098908,0.0267977312640625
LinearSVC,4,title,char_wb,"(2, 3)",3,1.0,False,True,"{'C': 1.0, 'class_weight': 'balanced'}",0.8214394895098908,0.0267977312640625
LogReg(다항),5,title,char_wb,"(2, 3)",1,0.9,False,False,"{'C': 10.0, 'class_weight': 'balanced'}",0.8212057337254308,0.03158251573908839
LogReg(다항),6,title,char_wb,"(2, 3)",1,1.0,False,False,"{'C': 10.0, 'class_weight': 'balanced'}",0.8212057337254308,0.03158251573908839
LinearSVC,4,title,char_wb,"(2, 3)",3,1.0,False,True,"{'C': 0.3, 'class_weight': 'balanced'}",0.8201906732598413,0.026568349071598916
LinearSVC,3,title,char_wb,"(2, 3)",3,0.9,False,True,"{'C': 0.3, 'class_weight': 'balanced'}",0.8201906732598413,0.026568349071598916
LinearSVC,2,title,char_wb,"(2, 3)",3,0.9,True,True,"{'C': 0.3, 'class_weight': 'balanced'}",0.8199214940321738,0.02636120274757781
LinearSVC,1,title,char_wb,"(2, 3)",3,1.0,True,True,"{'C': 0.3, 'class_weight': 'balanced'}",0.8199214940321738,0.02636120274757781
LogReg(다항),2,title,char_wb,"(2, 3)",3,0.9,True,True,"{'C': 3.0, 'class_weight': 'balanced'}",0.8197941444633505,0.03495157677501602
LogReg(다항),1,title,char_wb,"(2, 3)",3,1.0,True,True,"{'C': 3.0, 'class_weight': 'balanced'}",0.8197941444633505,0.03495157677501602
LogReg(OvR),8,title,char,"(2, 3)",1,1.0,True,False,"{'C': 30.0, 'class_weight': 'balanced'}",0.8196369126019313,0.0339144245749477
LogReg(OvR),7,title,char,"(2, 3)",1,0.9,True,False,"{'C': 30.0, 'class_weight': 'balanced'}",0.8196369126019313,0.0339144245749477
LogReg(다항),3,title,char_wb,"(2, 3)",3,0.9,False,True,"{'C': 10.0, 'class_weight': 'balanced'}",0.8196168874759422,0.034947204584643995
LogReg(다항),4,title,char_wb,"(2, 3)",3,1.0,False,True,"{'C': 10.0, 'class_weight': 'balanced'}",0.8196168874759422,0.034947204584643995
LogReg(다항),7,title,char,"(2, 3)",1,0.9,True,False,"{'C': 10.0, 'class_weight': 'balanced'}",0.8195270860151183,0.036749208106145716
LogReg(다항),8,title,char,"(2, 3)",1,1.0,True,False,"{'C': 10.0, 'class_weight': 'balanced'}",0.8195270860151183,0.036749208106145716
LogReg(다항),9,title,char,"(2, 3)",3,1.0,True,True,"{'C': 10.0, 'class_weight': 'balanced'}",0.8194729024693566,0.03420822147326053
LogReg(다항),10,title,char,"(2, 3)",3,0.9,True,True,"{'C': 10.0, 'class_weight': 'balanced'}",0.8194729024693566,0.03420822147326053
LogReg(OvR),10,title,char,"(2, 3)",3,0.9,True,True,"{'C': 10.0, 'class_weight': 'balanced'}",0.8194575846671249,0.030190790763731126
LogReg(OvR),9,title,char,"(2, 3)",3,1.0,True,True,"{'C': 10.0, 'class_weight': 'balanced'}",0.8194575846671249,0.030190790763731126
LogReg(다항),2,title,char_wb,"(2, 3)",3,0.9,True,True,"{'C': 30.0, 'class_weight': 'balanced'}",0.8193813753600196,0.035843807284077045
LogReg(다항),1,title,char_wb,"(2, 3)",3,1.0,True,True,"{'C': 30.0, 'class_weight': 'balanced'}",0.8193813753600196,0.035843807284077045
LogReg(다항),1,title,char_wb,"(2, 3)",3,1.0,True,True,"{'C': 10.0, 'class_weight': 'balanced'}",0.8193601932040145,0.0330855757063891
LogReg(다항),2,title,char_wb,"(2, 3)",3,0.9,True,True,"{'C': 10.0, 'class_weight': 'balanced'}",0.8193601932040145,0.0330855757063891
LogReg(다항),8,title,char,"(2, 3)",1,1.0,True,False,"{'C': 30.0, 'class_weight': 'balanced'}",0.8188602281060675,0.034737842110397744
LogReg(다항),7,title,char,"(2, 3)",1,0.9,True,False,"{'C': 30.0, 'class_weight': 'balanced'}",0.8188602281060675,0.034737842110397744
LogReg(다항),4,title,char_wb,"(2, 3)",3,1.0,False,True,"{'C': 30.0, 'class_weight': 'balanced'}",0.8187656765280288,0.03537442573921882
LogReg(다항),3,title,char_wb,"(2, 3)",3,0.9,False,True,"{'C': 30.0, 'class_weight': 'balanced'}",0.8187656765280288,0.03537442573921882
LogReg(다항),3,title,char_wb,"(2, 3)",3,0.9,False,True,"{'C': 3.0, 'class_weight': 'balanced'}",0.8180085777436661,0.035952589893892814
LogReg(다항),4,title,char_wb,"(2, 3)",3,1.0,False,True,"{'C': 3.0, 'class_weight': 'balanced'}",0.8180085777436661,0.035952589893892814
LinearSVC,6,title,char_wb,"(2, 3)",1,1.0,False,False,"{'C': 1.0, 'class_weight': 'balanced'}",0.8177952965001436,0.028494622604509186
LinearSVC,5,title,char_wb,"(2, 3)",1,0.9,False,False,"{'C': 1.0, 'class_weight': 'balanced'}",0.8177952965001436,0.028494622604509186
LinearSVC,7,title,char,"(2, 3)",1,0.9,True,False,"{'C': 1.0, 'class_weight': 'balanced'}",0.8175261015724449,0.029277677993386486
LinearSVC,8,title,char,"(2, 3)",1,1.0,True,False,"{'C': 1.0, 'class_weight': 'balanced'}",0.8175261015724449,0.029277677993386486
LogReg(OvR),4,title,char_wb,"(2, 3)",3,1.0,False,True,"{'C': 10.0, 'class_weight': 'balanced'}",0.8174164666584322,0.027484332899875265
LogReg(OvR),3,title,char_wb,"(2, 3)",3,0.9,False,True,"{'C': 10.0, 'class_weight': 'balanced'}",0.8174164666584322,0.027484332899875265
LogReg(OvR),7,title,char,"(2, 3)",1,0.9,True,False,"{'C': 10.0, 'class_weight': 'balanced'}",0.8170488040464579,0.0365249576394111
LogReg(OvR),8,title,char,"(2, 3)",1,1.0,True,False,"{'C': 10.0, 'class_weight': 'balanced'}",0.8170488040464579,0.0365249576394111
LinearSVC,9,title,char,"(2, 3)",3,1.0,True,True,"{'C': 1.0, 'class_weight': 'balanced'}",0.8170056495724671,0.022337367019383523
LinearSVC,10,title,char,"(2, 3)",3,0.9,True,True,"{'C': 1.0, 'class_weight': 'balanced'}",0.8170056495724671,0.022337367019383523
LogReg(OvR),6,title,char_wb,"(2, 3)",1,1.0,False,False,"{'C': 10.0, 'class_weight': 'balanced'}",0.8168829228940935,0.03309002400517555
LogReg(OvR),5,title,char_wb,"(2, 3)",1,0.9,False,False,"{'C': 10.0, 'class_weight': 'balanced'}",0.8168829228940935,0.03309002400517555
LogReg(OvR),5,title,char_wb,"(2, 3)",1,0.9,False,False,"{'C': 90.0, 'class_weight': 'balanced'}",0.8167978266662661,0.03165684207837478
LogReg(다항),9,title,char,"(2, 3)",3,1.0,True,True,"{'C': 3.0, 'class_weight': 'balanced'}",0.8167689565897212,0.03641103684662046
LogReg(다항),10,title,char,"(2, 3)",3,0.9,True,True,"{'C': 3.0, 'class_weight': 'balanced'}",0.8167689565897212,0.03641103684662046
LogReg(OvR),1,title,char_wb,"(2, 3)",3,1.0,True,True,"{'C': 10.0, 'class_weight': 'balanced'}",0.8165450028881777,0.02759403399464237
LogReg(OvR),2,title,char_wb,"(2, 3)",3,0.9,True,True,"{'C': 10.0, 'class_weight': 'balanced'}",0.8165450028881777,0.02759403399464237
LinearSVC,7,title,char,"(2, 3)",1,0.9,True,False,"{'C': 0.3, 'class_weight': 'balanced'}",0.81608892427953,0.02874738279780335
LinearSVC,8,title,char,"(2, 3)",1,1.0,True,False,"{'C': 0.3, 'class_weight': 'balanced'}",0.81608892427953,0.02874738279780335
LogReg(다항),6,title,char_wb,"(2, 3)",1,1.0,False,False,"{'C': 300.0, 'class_weight': 'balanced'}",0.8160650607774951,0.02425709570515267
LogReg(OvR),10,title,char,"(2, 3)",3,0.9,True,True,"{'C': 30.0, 'class_weight': 'balanced'}",0.8155415689735473,0.0318923866352929
LogReg(OvR),9,title,char,"(2, 3)",3,1.0,True,True,"{'C': 30.0, 'class_weight': 'balanced'}",0.8155415689735473,0.0318923866352929
LogReg(다항),9,title,char,"(2, 3)",3,1.0,True,True,"{'C': 30.0, 'class_weight': 'balanced'}",0.8148901242745522,0.03090307463805372
LogReg(다항),10,title,char,"(2, 3)",3,0.9,True,True,"{'C': 30.0, 'class_weight': 'balanced'}",0.8148901242745522,0.03090307463805372
LogReg(OvR),5,title,char_wb,"(2, 3)",1,0.9,False,False,"{'C': 300.0, 'class_weight': 'balanced'}",0.8147747580222079,0.028870043783651964
LogReg(OvR),2,title,char_wb,"(2, 3)",3,0.9,True,True,"{'C': 3.0, 'class_weight': 'balanced'}",0.814569176876712,0.027089485351190844
LogReg(OvR),1,title,char_wb,"(2, 3)",3,1.0,True,True,"{'C': 3.0, 'class_weight': 'balanced'}",0.814569176876712,0.027089485351190844
LinearSVC,7,title,char,"(2, 3)",1,0.9,True,False,"{'C': 10.0, 'class_weight': None}",0.8140397313760029,0.016954046726739044
LinearSVC,8,title,char,"(2, 3)",1,1.0,True,False,"{'C': 10.0, 'class_weight': None}",0.8140397313760029,0.016954046726739044
LogReg(OvR),2,title,char_wb,"(2, 3)",3,0.9,True,True,"{'C': 30.0, 'class_weight': 'balanced'}",0.8138035807886712,0.02629323999338962
LogReg(OvR),1,title,char_wb,"(2, 3)",3,1.0,True,True,"{'C': 30.0, 'class_weight': 'balanced'}",0.8138035807886712,0.02629323999338962
LogReg(OvR),3,title,char_wb,"(2, 3)",3,0.9,False,True,"{'C': 30.0, 'class_weight': 'balanced'}",0.8136702386838088,0.025474886792249008
LogReg(OvR),4,title,char_wb,"(2, 3)",3,1.0,False,True,"{'C': 30.0, 'class_weight': 'balanced'}",0.8136702386838088,0.025474886792249008
LogReg(OvR),10,title,char,"(2, 3)",3,0.9,True,True,"{'C': 3.0, 'class_weight': 'balanced'}",0.8136527251054175,0.03076799290969295
LogReg(OvR),9,title,char,"(2, 3)",3,1.0,True,True,"{'C': 3.0, 'class_weight': 'balanced'}",0.8136527251054175,0.03076799290969295
LogReg(OvR),4,title,char_wb,"(2, 3)",3,1.0,False,True,"{'C': 3.0, 'class_weight': 'balanced'}",0.8136245976959431,0.026833674468026845
LogReg(OvR),3,title,char_wb,"(2, 3)",3,0.9,False,True,"{'C': 3.0, 'class_weight': 'balanced'}",0.8136245976959431,0.026833674468026845
LinearSVC,5,title,char_wb,"(2, 3)",1,0.9,False,False,"{'C': 3.0, 'class_weight': 'balanced'}",0.8135761443550619,0.024105616674553104
LinearSVC,6,title,char_wb,"(2, 3)",1,1.0,False,False,"{'C': 3.0, 'class_weight': 'balanced'}",0.8135761443550619,0.024105616674553104
LinearSVC,7,title,char,"(2, 3)",1,0.9,True,False,"{'C': 10.0, 'class_weight': 'balanced'}",0.8135543212297176,0.01710770543515974
LinearSVC,8,title,char,"(2, 3)",1,1.0,True,False,"{'C': 10.0, 'class_weight': 'balanced'}",0.8135543212297176,0.01710770543515974
LinearSVC,7,title,char,"(2, 3)",1,0.9,True,False,"{'C': 3.0, 'class_weight': None}",0.813092235987593,0.017502367098308668
LinearSVC,8,title,char,"(2, 3)",1,1.0,True,False,"{'C': 3.0, 'class_weight': None}",0.813092235987593,0.017502367098308668
LogReg(OvR),1,title,char_wb,"(2, 3)",3,1.0,True,True,"{'C': 1.0, 'class_weight': 'balanced'}",0.8121533410061978,0.024659004228418543
LogReg(OvR),2,title,char_wb,"(2, 3)",3,0.9,True,True,"{'C': 1.0, 'class_weight': 'balanced'}",0.8121533410061978,0.024659004228418543
LinearSVC,7,title,char,"(2, 3)",1,0.9,True,False,"{'C': 3.0, 'class_weight': 'balanced'}",0.8120825355485766,0.019179678121653165
LinearSVC,8,title,char,"(2, 3)",1,1.0,True,False,"{'C': 3.0, 'class_weight': 'balanced'}",0.8120825355485766,0.019179678121653165
LogReg(OvR),6,title,char_wb,"(2, 3)",1,1.0,False,False,"{'C': 3.0, 'class_weight': 'balanced'}",0.8116273373300039,0.03360370506632259
LogReg(OvR),5,title,char_wb,"(2, 3)",1,0.9,False,False,"{'C': 3.0, 'class_weight': 'balanced'}",0.8116273373300039,0.03360370506632259
LogReg(OvR),4,title,char_wb,"(2, 3)",3,1.0,False,True,"{'C': 1.0, 'class_weight': 'balanced'}",0.8111232054223387,0.02466319526489936
LogReg(OvR),3,title,char_wb,"(2, 3)",3,0.9,False,True,"{'C': 1.0, 'class_weight': 'balanced'}",0.8111232054223387,0.02466319526489936
LogReg(다항),9,title,char,"(2, 3)",3,1.0,True,True,"{'C': 1.0, 'class_weight': 'balanced'}",0.8108192495862443,0.03543395474493963
LogReg(다항),10,title,char,"(2, 3)",3,0.9,True,True,"{'C': 1.0, 'class_weight': 'balanced'}",0.8108192495862443,0.03543395474493963
LinearSVC,8,title,char,"(2, 3)",1,1.0,True,False,"{'C': 30.0, 'class_weight': None}",0.8107230981414562,0.014286094862536767
LinearSVC,7,title,char,"(2, 3)",1,0.9,True,False,"{'C': 30.0, 'class_weight': None}",0.8107230981414562,0.014286094862536767
LogReg(OvR),8,title,char,"(2, 3)",1,1.0,True,False,"{'C': 3.0, 'class_weight': 'balanced'}",0.8105808854642585,0.03805357763674623
LogReg(OvR),7,title,char,"(2, 3)",1,0.9,True,False,"{'C': 3.0, 'class_weight': 'balanced'}",0.8105808854642585,0.03805357763674623
LogReg(다항),8,title,char,"(2, 3)",1,1.0,True,False,"{'C': 3.0, 'class_weight': 'balanced'}",0.8102939419738615,0.03343817383420396
LogReg(다항),7,title,char,"(2, 3)",1,0.9,True,False,"{'C': 3.0, 'class_weight': 'balanced'}",0.8102939419738615,0.03343817383420396
LinearSVC,8,title,char,"(2, 3)",1,1.0,True,False,"{'C': 30.0, 'class_weight': 'balanced'}",0.8100221993784942,0.014828911448070105
LinearSVC,7,title,char,"(2, 3)",1,0.9,True,False,"{'C': 30.0, 'class_weight': 'balanced'}",0.8100221993784942,0.014828911448070105
LogReg(다항),4,title,char_wb,"(2, 3)",3,1.0,False,True,"{'C': 1.0, 'class_weight': 'balanced'}",0.8099288447378055,0.03330730248148371
LogReg(다항),3,title,char_wb,"(2, 3)",3,0.9,False,True,"{'C': 1.0, 'class_weight': 'balanced'}",0.8099288447378055,0.03330730248148371
LinearSVC,10,title,char,"(2, 3)",3,0.9,True,True,"{'C': 0.1, 'class_weight': 'balanced'}",0.8091092719293183,0.02524833562083905
LinearSVC,9,title,char,"(2, 3)",3,1.0,True,True,"{'C': 0.1, 'class_weight': 'balanced'}",0.8091092719293183,0.02524833562083905
LogReg(OvR),1,title,char_wb,"(2, 3)",3,1.0,True,True,"{'C': 0.3, 'class_weight': 'balanced'}",0.8088008376765934,0.030914013579829563
LogReg(OvR),2,title,char_wb,"(2, 3)",3,0.9,True,True,"{'C': 0.3, 'class_weight': 'balanced'}",0.8088008376765934,0.030914013579829563
LogReg(다항),2,title,char_wb,"(2, 3)",3,0.9,True,True,"{'C': 1.0, 'class_weight': 'balanced'}",0.8087983541962703,0.03480506043386264
LogReg(다항),1,title,char_wb,"(2, 3)",3,1.0,True,True,"{'C': 1.0, 'class_weight': 'balanced'}",0.8087983541962703,0.03480506043386264
LogReg(OvR),3,title,char_wb,"(2, 3)",3,0.9,False,True,"{'C': 0.3, 'class_weight': 'balanced'}",0.80877455912963,0.030205555391547033
LogReg(OvR),4,title,char_wb,"(2, 3)",3,1.0,False,True,"{'C': 0.3, 'class_weight': 'balanced'}",0.80877455912963,0.030205555391547033
LogReg(OvR),9,title,char,"(2, 3)",3,1.0,True,True,"{'C': 1.0, 'class_weight': 'balanced'}",0.8086861329097198,0.035777756266257774
LogReg(OvR),10,title,char,"(2, 3)",3,0.9,True,True,"{'C': 1.0, 'class_weight': 'balanced'}",0.8086861329097198,0.035777756266257774
LinearSVC,7,title,char,"(2, 3)",1,0.9,True,False,"{'C': 1.0, 'class_weight': None}",0.8084905008152934,0.021241114714934766
LinearSVC,8,title,char,"(2, 3)",1,1.0,True,False,"{'C': 1.0, 'class_weight': None}",0.8084905008152934,0.021241114714934766
LinearSVC,5,title,char_wb,"(2, 3)",1,0.9,False,False,"{'C': 3.0, 'class_weight': None}",0.8078296521316549,0.020634526686026503
LinearSVC,6,title,char_wb,"(2, 3)",1,1.0,False,False,"{'C': 3.0, 'class_weight': None}",0.8078296521316549,0.020634526686026503
LinearSVC,6,title,char_wb,"(2, 3)",1,1.0,False,False,"{'C': 0.3, 'class_weight': 'balanced'}",0.8073097820087052,0.026266535257699168
LinearSVC,5,title,char_wb,"(2, 3)",1,0.9,False,False,"{'C': 0.3, 'class_weight': 'balanced'}",0.8073097820087052,0.026266535257699168
LogReg(다항),6,title,char_wb,"(2, 3)",1,1.0,False,False,"{'C': 3.0, 'class_weight': 'balanced'}",0.8072987785693296,0.03364712882704835
LogReg(다항),5,title,char_wb,"(2, 3)",1,0.9,False,False,"{'C': 3.0, 'class_weight': 'balanced'}",0.8072987785693296,0.03364712882704835
LinearSVC,10,title,char,"(2, 3)",3,0.9,True,True,"{'C': 3.0, 'class_weight': 'balanced'}",0.8070246207636373,0.020510180991904485
LinearSVC,9,title,char,"(2, 3)",3,1.0,True,True,"{'C': 3.0, 'class_weight': 'balanced'}",0.8070246207636373,0.020510180991904485
LinearSVC,1,title,char_wb,"(2, 3)",3,1.0,True,True,"{'C': 1.0, 'class_weight': None}",0.8060164511358423,0.015427529040920492
LinearSVC,2,title,char_wb,"(2, 3)",3,0.9,True,True,"{'C': 1.0, 'class_weight': None}",0.8060164511358423,0.015427529040920492
LogReg(OvR),2,title,char_wb,"(2, 3)",3,0.9,True,True,"{'C': 30.0, 'class_weight': None}",0.8058462448069859,0.027054008128417965
LogReg(OvR),1,title,char_wb,"(2, 3)",3,1.0,True,True,"{'C': 30.0, 'class_weight': None}",0.8058462448069859,0.027054008128417965
LinearSVC,6,title,char_wb,"(2, 3)",1,1.0,False,False,"{'C': 1.0, 'class_weight': None}",0.8051966140740818,0.02216325079770668
LinearSVC,5,title,char_wb,"(2, 3)",1,0.9,False,False,"{'C': 1.0, 'class_weight': None}",0.8051966140740818,0.02216325079770668
LinearSVC,4,title,char_wb,"(2, 3)",3,1.0,False,True,"{'C': 1.0, 'class_weight': None}",0.8049362424286134,0.016341330057792695
LinearSVC,3,title,char_wb,"(2, 3)",3,0.9,False,True,"{'C': 1.0, 'class_weight': None}",0.8049362424286134,0.016341330057792695
LinearSVC,1,title,char_wb,"(2, 3)",3,1.0,True,True,"{'C': 0.1, 'class_weight': 'balanced'}",0.8045537673735266,0.03876144247895877
LinearSVC,2,title,char_wb,"(2, 3)",3,0.9,True,True,"{'C': 0.1, 'class_weight': 'balanced'}",0.8045537673735266,0.03876144247895877
LinearSVC,6,title,char_wb,"(2, 3)",1,1.0,False,False,"{'C': 10.0, 'class_weight': 'balanced'}",0.8043981347086346,0.019703044669438737
LinearSVC,5,title,char_wb,"(2, 3)",1,0.9,False,False,"{'C': 10.0, 'class_weight': 'balanced'}",0.8043981347086346,0.019703044669438737
LinearSVC,3,title,char_wb,"(2, 3)",3,0.9,False,True,"{'C': 0.1, 'class_weight': 'balanced'}",0.8039454092975552,0.038887338607170696
LinearSVC,4,title,char_wb,"(2, 3)",3,1.0,False,True,"{'C': 0.1, 'class_weight': 'balanced'}",0.8039454092975552,0.038887338607170696
LinearSVC,9,title,char,"(2, 3)",3,1.0,True,True,"{'C': 3.0, 'class_weight': None}",0.803816886233044,0.015937384516487407
LinearSVC,10,title,char,"(2, 3)",3,0.9,True,True,"{'C': 3.0, 'class_weight': None}",0.803816886233044,0.015937384516487407
LinearSVC,9,title,char,"(2, 3)",3,1.0,True,True,"{'C': 1.0, 'class_weight': None}",0.803776366362111,0.021494460712171
LinearSVC,10,title,char,"(2, 3)",3,0.9,True,True,"{'C': 1.0, 'class_weight': None}",0.803776366362111,0.021494460712171
LinearSVC,3,title,char_wb,"(2, 3)",3,0.9,False,True,"{'C': 3.0, 'class_weight': None}",0.8036149077799116,0.018005285143308382
LinearSVC,4,title,char_wb,"(2, 3)",3,1.0,False,True,"{'C': 3.0, 'class_weight': None}",0.8036149077799116,0.018005285143308382
LinearSVC,6,title,char_wb,"(2, 3)",1,1.0,False,False,"{'C': 30.0, 'class_weight': 'balanced'}",0.8035908320361799,0.02030416021444802
LinearSVC,5,title,char_wb,"(2, 3)",1,0.9,False,False,"{'C': 30.0, 'class_weight': 'balanced'}",0.8035908320361799,0.02030416021444802
LogReg(OvR),4,title,char_wb,"(2, 3)",3,1.0,False,True,"{'C': 30.0, 'class_weight': None}",0.8032764310301452,0.027252210750930775
LogReg(OvR),3,title,char_wb,"(2, 3)",3,0.9,False,True,"{'C': 30.0, 'class_weight': None}",0.8032764310301452,0.027252210750930775
LinearSVC,6,title,char_wb,"(2, 3)",1,1.0,False,False,"{'C': 10.0, 'class_weight': None}",0.8031757521019758,0.01885457593350736
LinearSVC,5,title,char_wb,"(2, 3)",1,0.9,False,False,"{'C': 10.0, 'class_weight': None}",0.8031757521019758,0.01885457593350736
LinearSVC,6,title,char_wb,"(2, 3)",1,1.0,False,False,"{'C': 30.0, 'class_weight': None}",0.8028670783391236,0.01989639300230863
LinearSVC,5,title,char_wb,"(2, 3)",1,0.9,False,False,"{'C': 30.0, 'class_weight': None}",0.8028670783391236,0.01989639300230863
LinearSVC,1,title,char_wb,"(2, 3)",3,1.0,True,True,"{'C': 3.0, 'class_weight': None}",0.8028434901496079,0.015370940242063253
LinearSVC,2,title,char_wb,"(2, 3)",3,0.9,True,True,"{'C': 3.0, 'class_weight': None}",0.8028434901496079,0.015370940242063253
LogReg(OvR),9,title,char,"(2, 3)",3,1.0,True,True,"{'C': 0.3, 'class_weight': 'balanced'}",0.8026078298584037,0.03936610979132452
LogReg(OvR),10,title,char,"(2, 3)",3,0.9,True,True,"{'C': 0.3, 'class_weight': 'balanced'}",0.8026078298584037,0.03936610979132452
LogReg(OvR),6,title,char_wb,"(2, 3)",1,1.0,False,False,"{'C': 30.0, 'class_weight': None}",0.8019761809808079,0.024160117009329615
LogReg(OvR),5,title,char_wb,"(2, 3)",1,0.9,False,False,"{'C': 30.0, 'class_weight': None}",0.8019761809808079,0.024160117009329615
LogReg(다항),3,title,char_wb,"(2, 3)",3,0.9,False,True,"{'C': 30.0, 'class_weight': None}",0.8012122327025226,0.02080804432255484
LogReg(다항),4,title,char_wb,"(2, 3)",3,1.0,False,True,"{'C': 30.0, 'class_weight': None}",0.8012122327025226,0.02080804432255484
LogReg(OvR),1,title,char_wb,"(2, 3)",3,1.0,True,True,"{'C': 10.0, 'class_weight': None}",0.8008654309470357,0.022112025103171312
LogReg(OvR),2,title,char_wb,"(2, 3)",3,0.9,True,True,"{'C': 10.0, 'class_weight': None}",0.8008654309470357,0.022112025103171312
LinearSVC,9,title,char,"(2, 3)",3,1.0,True,True,"{'C': 10.0, 'class_weight': 'balanced'}",0.8008067511705509,0.013711814605313077
LinearSVC,10,title,char,"(2, 3)",3,0.9,True,True,"{'C': 10.0, 'class_weight': 'balanced'}",0.8008067511705509,0.013711814605313077
LogReg(다항),2,title,char_wb,"(2, 3)",3,0.9,True,True,"{'C': 30.0, 'class_weight': None}",0.8007333786775431,0.022404141208106812
LogReg(다항),1,title,char_wb,"(2, 3)",3,1.0,True,True,"{'C': 30.0, 'class_weight': None}",0.8007333786775431,0.022404141208106812
LinearSVC,10,title,char,"(2, 3)",3,0.9,True,True,"{'C': 30.0, 'class_weight': 'balanced'}",0.8004051177137302,0.01361088133718269
LinearSVC,9,title,char,"(2, 3)",3,1.0,True,True,"{'C': 30.0, 'class_weight': 'balanced'}",0.8004051177137302,0.01361088133718269
LogReg(다항),9,title,char,"(2, 3)",3,1.0,True,True,"{'C': 0.3, 'class_weight': 'balanced'}",0.8003945965639744,0.029535314447679283
LogReg(다항),10,title,char,"(2, 3)",3,0.9,True,True,"{'C': 0.3, 'class_weight': 'balanced'}",0.8003945965639744,0.029535314447679283
LinearSVC,4,title,char_wb,"(2, 3)",3,1.0,False,True,"{'C': 3.0, 'class_weight': 'balanced'}",0.7999276838143772,0.012860227234601139
LinearSVC,3,title,char_wb,"(2, 3)",3,0.9,False,True,"{'C': 3.0, 'class_weight': 'balanced'}",0.7999276838143772,0.012860227234601139
LinearSVC,9,title,char,"(2, 3)",3,1.0,True,True,"{'C': 10.0, 'class_weight': None}",0.7996073380098849,0.013057536667519737
LinearSVC,10,title,char,"(2, 3)",3,0.9,True,True,"{'C': 10.0, 'class_weight': None}",0.7996073380098849,0.013057536667519737
LinearSVC,2,title,char_wb,"(2, 3)",3,0.9,True,True,"{'C': 3.0, 'class_weight': 'balanced'}",0.7995999370843695,0.012682149967769429
LinearSVC,1,title,char_wb,"(2, 3)",3,1.0,True,True,"{'C': 3.0, 'class_weight': 'balanced'}",0.7995999370843695,0.012682149967769429
LogReg(OvR),6,title,char_wb,"(2, 3)",1,1.0,False,False,"{'C': 1.0, 'class_weight': 'balanced'}",0.798709954800494,0.03236204233266606
LogReg(OvR),5,title,char_wb,"(2, 3)",1,0.9,False,False,"{'C': 1.0, 'class_weight': 'balanced'}",0.798709954800494,0.03236204233266606
LinearSVC,2,title,char_wb,"(2, 3)",3,0.9,True,True,"{'C': 0.3, 'class_weight': None}",0.7985786324631678,0.01979591585624772
LinearSVC,1,title,char_wb,"(2, 3)",3,1.0,True,True,"{'C': 0.3, 'class_weight': None}",0.7985786324631678,0.01979591585624772
LinearSVC,9,title,char,"(2, 3)",3,1.0,True,True,"{'C': 30.0, 'class_weight': None}",0.7982954776171256,0.014204499187572012
LinearSVC,10,title,char,"(2, 3)",3,0.9,True,True,"{'C': 30.0, 'class_weight': None}",0.7982954776171256,0.014204499187572012
LogReg(OvR),10,title,char,"(2, 3)",3,0.9,True,True,"{'C': 30.0, 'class_weight': None}",0.7977242579765778,0.02497174929936402
LogReg(OvR),9,title,char,"(2, 3)",3,1.0,True,True,"{'C': 30.0, 'class_weight': None}",0.7977242579765778,0.02497174929936402
LinearSVC,2,title,char_wb,"(2, 3)",3,0.9,True,True,"{'C': 10.0, 'class_weight': None}",0.7975348558241377,0.013680186245231783
LinearSVC,1,title,char_wb,"(2, 3)",3,1.0,True,True,"{'C': 10.0, 'class_weight': None}",0.7975348558241377,0.013680186245231783
LinearSVC,4,title,char_wb,"(2, 3)",3,1.0,False,True,"{'C': 10.0, 'class_weight': None}",0.7974247525157458,0.014204435395902269
LinearSVC,3,title,char_wb,"(2, 3)",3,0.9,False,True,"{'C': 10.0, 'class_weight': None}",0.7974247525157458,0.014204435395902269
LogReg(OvR),8,title,char,"(2, 3)",1,1.0,True,False,"{'C': 1.0, 'class_weight': 'balanced'}",0.7970212490300173,0.03764037180438204
LogReg(OvR),7,title,char,"(2, 3)",1,0.9,True,False,"{'C': 1.0, 'class_weight': 'balanced'}",0.7970212490300173,0.03764037180438204
LinearSVC,1,title,char_wb,"(2, 3)",3,1.0,True,True,"{'C': 10.0, 'class_weight': 'balanced'}",0.796758343245161,0.016453494292863774
LinearSVC,2,title,char_wb,"(2, 3)",3,0.9,True,True,"{'C': 10.0, 'class_weight': 'balanced'}",0.796758343245161,0.016453494292863774
LogReg(OvR),4,title,char_wb,"(2, 3)",3,1.0,False,True,"{'C': 10.0, 'class_weight': None}",0.7967184480401066,0.017951430284541287
LogReg(OvR),3,title,char_wb,"(2, 3)",3,0.9,False,True,"{'C': 10.0, 'class_weight': None}",0.7967184480401066,0.017951430284541287
LinearSVC,3,title,char_wb,"(2, 3)",3,0.9,False,True,"{'C': 10.0, 'class_weight': 'balanced'}",0.7966762312505629,0.0169223287661082
LinearSVC,4,title,char_wb,"(2, 3)",3,1.0,False,True,"{'C': 10.0, 'class_weight': 'balanced'}",0.7966762312505629,0.0169223287661082
LinearSVC,4,title,char_wb,"(2, 3)",3,1.0,False,True,"{'C': 0.3, 'class_weight': None}",0.7956347261772324,0.015640483073832416
LinearSVC,3,title,char_wb,"(2, 3)",3,0.9,False,True,"{'C': 0.3, 'class_weight': None}",0.7956347261772324,0.015640483073832416
LogReg(OvR),8,title,char,"(2, 3)",1,1.0,True,False,"{'C': 30.0, 'class_weight': None}",0.7955403540804735,0.027474573675564756
LogReg(OvR),7,title,char,"(2, 3)",1,0.9,True,False,"{'C': 30.0, 'class_weight': None}",0.7955403540804735,0.027474573675564756
LogReg(다항),7,title,char,"(2, 3)",1,0.9,True,False,"{'C': 1.0, 'class_weight': 'balanced'}",0.7954852294513434,0.0336255654184701
LogReg(다항),8,title,char,"(2, 3)",1,1.0,True,False,"{'C': 1.0, 'class_weight': 'balanced'}",0.7954852294513434,0.0336255654184701
LinearSVC,9,title,char,"(2, 3)",3,1.0,True,True,"{'C': 0.3, 'class_weight': None}",0.7947989623717622,0.0232639114022956
LinearSVC,10,title,char,"(2, 3)",3,0.9,True,True,"{'C': 0.3, 'class_weight': None}",0.7947989623717622,0.0232639114022956
LinearSVC,1,title,char_wb,"(2, 3)",3,1.0,True,True,"{'C': 30.0, 'class_weight': None}",0.7940625648996573,0.016602653613367283
LinearSVC,2,title,char_wb,"(2, 3)",3,0.9,True,True,"{'C': 30.0, 'class_weight': None}",0.7940625648996573,0.016602653613367283
LinearSVC,2,title,char_wb,"(2, 3)",3,0.9,True,True,"{'C': 30.0, 'class_weight': 'balanced'}",0.7940432141190759,0.017896326334061633
LinearSVC,1,title,char_wb,"(2, 3)",3,1.0,True,True,"{'C': 30.0, 'class_weight': 'balanced'}",0.7940432141190759,0.017896326334061633
LinearSVC,3,title,char_wb,"(2, 3)",3,0.9,False,True,"{'C': 30.0, 'class_weight': 'balanced'}",0.7927835590632386,0.018322464820100144
LinearSVC,4,title,char_wb,"(2, 3)",3,1.0,False,True,"{'C': 30.0, 'class_weight': 'balanced'}",0.7927835590632386,0.018322464820100144
LinearSVC,4,title,char_wb,"(2, 3)",3,1.0,False,True,"{'C': 30.0, 'class_weight': None}",0.7921928769868054,0.017424984344870956
LinearSVC,3,title,char_wb,"(2, 3)",3,0.9,False,True,"{'C': 30.0, 'class_weight': None}",0.7921928769868054,0.017424984344870956
LogReg(OvR),9,title,char,"(2, 3)",3,1.0,True,True,"{'C': 10.0, 'class_weight': None}",0.7915249191672409,0.02435293478106284
LogReg(OvR),10,title,char,"(2, 3)",3,0.9,True,True,"{'C': 10.0, 'class_weight': None}",0.7915249191672409,0.02435293478106284
LinearSVC,7,title,char,"(2, 3)",1,0.9,True,False,"{'C': 0.1, 'class_weight': 'balanced'}",0.7896031493334033,0.02741994128084725
LinearSVC,8,title,char,"(2, 3)",1,1.0,True,False,"{'C': 0.1, 'class_weight': 'balanced'}",0.7896031493334033,0.02741994128084725
LinearSVC,6,title,char_wb,"(2, 3)",1,1.0,False,False,"{'C': 0.3, 'class_weight': None}",0.7884081610693932,0.01583468336467206
LinearSVC,5,title,char_wb,"(2, 3)",1,0.9,False,False,"{'C': 0.3, 'class_weight': None}",0.7884081610693932,0.01583468336467206
LogReg(다항),6,title,char_wb,"(2, 3)",1,1.0,False,False,"{'C': 1.0, 'class_weight': 'balanced'}",0.7881047161401444,0.03235500907202563
LogReg(다항),5,title,char_wb,"(2, 3)",1,0.9,False,False,"{'C': 1.0, 'class_weight': 'balanced'}",0.7881047161401444,0.03235500907202563
LogReg(다항),1,title,char_wb,"(2, 3)",3,1.0,True,True,"{'C': 0.3, 'class_weight': 'balanced'}",0.7873096720249814,0.039929338457661855
LogReg(다항),2,title,char_wb,"(2, 3)",3,0.9,True,True,"{'C': 0.3, 'class_weight': 'balanced'}",0.7873096720249814,0.039929338457661855
LinearSVC,8,title,char,"(2, 3)",1,1.0,True,False,"{'C': 0.3, 'class_weight': None}",0.787097490411878,0.026294893609704866
LinearSVC,7,title,char,"(2, 3)",1,0.9,True,False,"{'C': 0.3, 'class_weight': None}",0.787097490411878,0.026294893609704866
LogReg(다항),9,title,char,"(2, 3)",3,1.0,True,True,"{'C': 30.0, 'class_weight': None}",0.7869049027046844,0.024964610130599925
LogReg(다항),10,title,char,"(2, 3)",3,0.9,True,True,"{'C': 30.0, 'class_weight': None}",0.7869049027046844,0.024964610130599925
LogReg(다항),8,title,char,"(2, 3)",1,1.0,True,False,"{'C': 30.0, 'class_weight': None}",0.7864259614954117,0.022345785037548457
LogReg(다항),7,title,char,"(2, 3)",1,0.9,True,False,"{'C': 30.0, 'class_weight': None}",0.7864259614954117,0.022345785037548457
LogReg(다항),3,title,char_wb,"(2, 3)",3,0.9,False,True,"{'C': 0.3, 'class_weight': 'balanced'}",0.7859096605870242,0.03959538844759031
LogReg(다항),4,title,char_wb,"(2, 3)",3,1.0,False,True,"{'C': 0.3, 'class_weight': 'balanced'}",0.7859096605870242,0.03959538844759031
LogReg(다항),5,title,char_wb,"(2, 3)",1,0.9,False,False,"{'C': 30.0, 'class_weight': None}",0.7845658090098717,0.02004308739079959
LogReg(다항),6,title,char_wb,"(2, 3)",1,1.0,False,False,"{'C': 30.0, 'class_weight': None}",0.7845658090098717,0.02004308739079959
LogReg(다항),1,title,char_wb,"(2, 3)",3,1.0,True,True,"{'C': 10.0, 'class_weight': None}",0.783623117115724,0.018909409099026008
LogReg(다항),2,title,char_wb,"(2, 3)",3,0.9,True,True,"{'C': 10.0, 'class_weight': None}",0.783623117115724,0.018909409099026008
LogReg(다항),3,title,char_wb,"(2, 3)",3,0.9,False,True,"{'C': 10.0, 'class_weight': None}",0.7834969265586704,0.014871451163095864
LogReg(다항),4,title,char_wb,"(2, 3)",3,1.0,False,True,"{'C': 10.0, 'class_weight': None}",0.7834969265586704,0.014871451163095864
LinearSVC,6,title,char_wb,"(2, 3)",1,1.0,False,False,"{'C': 0.1, 'class_weight': 'balanced'}",0.7833841353475212,0.02428862108346746
LinearSVC,5,title,char_wb,"(2, 3)",1,0.9,False,False,"{'C': 0.1, 'class_weight': 'balanced'}",0.7833841353475212,0.02428862108346746
LogReg(OvR),6,title,char_wb,"(2, 3)",1,1.0,False,False,"{'C': 10.0, 'class_weight': None}",0.7794768857446489,0.01636046788897502
LogReg(OvR),5,title,char_wb,"(2, 3)",1,0.9,False,False,"{'C': 10.0, 'class_weight': None}",0.7794768857446489,0.01636046788897502
LogReg(OvR),7,title,char,"(2, 3)",1,0.9,True,False,"{'C': 10.0, 'class_weight': None}",0.7793912639208489,0.017168905451811038
LogReg(OvR),8,title,char,"(2, 3)",1,1.0,True,False,"{'C': 10.0, 'class_weight': None}",0.7793912639208489,0.017168905451811038
LogReg(다항),5,title,char_wb,"(2, 3)",1,0.9,False,False,"{'C': 10.0, 'class_weight': None}",0.7786423731791524,0.01390254321515669
LogReg(다항),6,title,char_wb,"(2, 3)",1,1.0,False,False,"{'C': 10.0, 'class_weight': None}",0.7786423731791524,0.01390254321515669
LogReg(다항),10,title,char,"(2, 3)",3,0.9,True,True,"{'C': 10.0, 'class_weight': None}",0.7778640396783443,0.027779636983822832
LogReg(다항),9,title,char,"(2, 3)",3,1.0,True,True,"{'C': 10.0, 'class_weight': None}",0.7778640396783443,0.027779636983822832
LogReg(다항),8,title,char,"(2, 3)",1,1.0,True,False,"{'C': 10.0, 'class_weight': None}",0.7718065103011726,0.014267577754010012
LogReg(다항),7,title,char,"(2, 3)",1,0.9,True,False,"{'C': 10.0, 'class_weight': None}",0.7718065103011726,0.014267577754010012
ComplementNB,9,title,char,"(2, 3)",3,1.0,True,True,"{'alpha': 0.01, 'norm': False}",0.7691568221104014,0.01643086504481253
ComplementNB,10,title,char,"(2, 3)",3,0.9,True,True,"{'alpha': 0.01, 'norm': False}",0.7691568221104014,0.01643086504481253
ComplementNB,10,title,char,"(2, 3)",3,0.9,True,True,"{'alpha': 0.05, 'norm': False}",0.7689610376136709,0.014859662596194322
ComplementNB,9,title,char,"(2, 3)",3,1.0,True,True,"{'alpha': 0.05, 'norm': False}",0.7689610376136709,0.014859662596194322
ComplementNB,9,title,char,"(2, 3)",3,1.0,True,True,"{'alpha': 0.1, 'norm': False}",0.7688299892727928,0.01962576634053245
ComplementNB,10,title,char,"(2, 3)",3,0.9,True,True,"{'alpha': 0.1, 'norm': False}",0.7688299892727928,0.01962576634053245
LogReg(OvR),7,title,char,"(2, 3)",1,0.9,True,False,"{'C': 0.3, 'class_weight': 'balanced'}",0.7679672004247624,0.034792804049303475
LogReg(OvR),8,title,char,"(2, 3)",1,1.0,True,False,"{'C': 0.3, 'class_weight': 'balanced'}",0.7679672004247624,0.034792804049303475
LogReg(OvR),5,title,char_wb,"(2, 3)",1,0.9,False,False,"{'C': 0.3, 'class_weight': 'balanced'}",0.7650688856793352,0.03421129771752847
LogReg(OvR),6,title,char_wb,"(2, 3)",1,1.0,False,False,"{'C': 0.3, 'class_weight': 'balanced'}",0.7650688856793352,0.03421129771752847
ComplementNB,3,title,char_wb,"(2, 3)",3,0.9,False,True,"{'alpha': 0.05, 'norm': False}",0.7641489704308525,0.012735022442984972
ComplementNB,4,title,char_wb,"(2, 3)",3,1.0,False,True,"{'alpha': 0.05, 'norm': False}",0.7641489704308525,0.012735022442984972
ComplementNB,2,title,char_wb,"(2, 3)",3,0.9,True,True,"{'alpha': 0.05, 'norm': False}",0.76348468165229,0.013204513919475462
ComplementNB,1,title,char_wb,"(2, 3)",3,1.0,True,True,"{'alpha': 0.05, 'norm': False}",0.76348468165229,0.013204513919475462
ComplementNB,2,title,char_wb,"(2, 3)",3,0.9,True,True,"{'alpha': 0.01, 'norm': False}",0.7631542766652969,0.012318188755739404
ComplementNB,1,title,char_wb,"(2, 3)",3,1.0,True,True,"{'alpha': 0.01, 'norm': False}",0.7631542766652969,0.012318188755739404
ComplementNB,10,title,char,"(2, 3)",3,0.9,True,True,"{'alpha': 0.3, 'norm': False}",0.7623548163382904,0.02125116167460723
ComplementNB,9,title,char,"(2, 3)",3,1.0,True,True,"{'alpha': 0.3, 'norm': False}",0.7623548163382904,0.02125116167460723
ComplementNB,3,title,char_wb,"(2, 3)",3,0.9,False,True,"{'alpha': 0.01, 'norm': False}",0.7611278900747012,0.0104953202681988
ComplementNB,4,title,char_wb,"(2, 3)",3,1.0,False,True,"{'alpha': 0.01, 'norm': False}",0.7611278900747012,0.0104953202681988
ComplementNB,3,title,char_wb,"(2, 3)",3,0.9,False,True,"{'alpha': 0.1, 'norm': False}",0.7598386967948818,0.011548255827104816
ComplementNB,4,title,char_wb,"(2, 3)",3,1.0,False,True,"{'alpha': 0.1, 'norm': False}",0.7598386967948818,0.011548255827104816
ComplementNB,4,title,char_wb,"(2, 3)",3,1.0,False,True,"{'alpha': 0.3, 'norm': False}",0.7588719771914794,0.01609268507727887
ComplementNB,3,title,char_wb,"(2, 3)",3,0.9,False,True,"{'alpha': 0.3, 'norm': False}",0.7588719771914794,0.01609268507727887
ComplementNB,2,title,char_wb,"(2, 3)",3,0.9,True,True,"{'alpha': 0.1, 'norm': False}",0.7585994722996228,0.011675105615643071
ComplementNB,1,title,char_wb,"(2, 3)",3,1.0,True,True,"{'alpha': 0.1, 'norm': False}",0.7585994722996228,0.011675105615643071
ComplementNB,1,title,char_wb,"(2, 3)",3,1.0,True,True,"{'alpha': 0.3, 'norm': False}",0.7579645163029767,0.014809253107243453
ComplementNB,2,title,char_wb,"(2, 3)",3,0.9,True,True,"{'alpha': 0.3, 'norm': False}",0.7579645163029767,0.014809253107243453
LogReg(OvR),2,title,char_wb,"(2, 3)",3,0.9,True,True,"{'C': 3.0, 'class_weight': None}",0.757447653597764,0.021485951176487418
LogReg(OvR),1,title,char_wb,"(2, 3)",3,1.0,True,True,"{'C': 3.0, 'class_weight': None}",0.757447653597764,0.021485951176487418
LogReg(OvR),3,title,char_wb,"(2, 3)",3,0.9,False,True,"{'C': 3.0, 'class_weight': None}",0.7565086838769183,0.021173860403262714
LogReg(OvR),4,title,char_wb,"(2, 3)",3,1.0,False,True,"{'C': 3.0, 'class_weight': None}",0.7565086838769183,0.021173860403262714
LogReg(다항),7,title,char,"(2, 3)",1,0.9,True,False,"{'C': 0.3, 'class_weight': 'balanced'}",0.7548804271676637,0.026873164214789885
LogReg(다항),8,title,char,"(2, 3)",1,1.0,True,False,"{'C': 0.3, 'class_weight': 'balanced'}",0.7548804271676637,0.026873164214789885
LogReg(다항),1,title,char_wb,"(2, 3)",3,1.0,True,True,"{'C': 3.0, 'class_weight': None}",0.7537360771916237,0.018178853302241327
LogReg(다항),2,title,char_wb,"(2, 3)",3,0.9,True,True,"{'C': 3.0, 'class_weight': None}",0.7537360771916237,0.018178853302241327
ComplementNB,8,title,char,"(2, 3)",1,1.0,True,False,"{'alpha': 0.05, 'norm': False}",0.7536290349201042,0.01907615951112371
ComplementNB,7,title,char,"(2, 3)",1,0.9,True,False,"{'alpha': 0.05, 'norm': False}",0.7536290349201042,0.01907615951112371
LogReg(다항),3,title,char_wb,"(2, 3)",3,0.9,False,True,"{'C': 3.0, 'class_weight': None}",0.7524423768985102,0.020863130140110864
LogReg(다항),4,title,char_wb,"(2, 3)",3,1.0,False,True,"{'C': 3.0, 'class_weight': None}",0.7524423768985102,0.020863130140110864
LinearSVC,1,title,char_wb,"(2, 3)",3,1.0,True,True,"{'C': 0.1, 'class_weight': None}",0.7515549806563276,0.014638546128780516
LinearSVC,2,title,char_wb,"(2, 3)",3,0.9,True,True,"{'C': 0.1, 'class_weight': None}",0.7515549806563276,0.014638546128780516
LinearSVC,4,title,char_wb,"(2, 3)",3,1.0,False,True,"{'C': 0.1, 'class_weight': None}",0.7508878077223735,0.014655084509465748
LinearSVC,3,title,char_wb,"(2, 3)",3,0.9,False,True,"{'C': 0.1, 'class_weight': None}",0.7508878077223735,0.014655084509465748
LogReg(OvR),10,title,char,"(2, 3)",3,0.9,True,True,"{'C': 3.0, 'class_weight': None}",0.7507118487119224,0.014925501555268885
LogReg(OvR),9,title,char,"(2, 3)",3,1.0,True,True,"{'C': 3.0, 'class_weight': None}",0.7507118487119224,0.014925501555268885
LinearSVC,9,title,char,"(2, 3)",3,1.0,True,True,"{'C': 0.1, 'class_weight': None}",0.7503367232676894,0.012968038994458465
LinearSVC,10,title,char,"(2, 3)",3,0.9,True,True,"{'C': 0.1, 'class_weight': None}",0.7503367232676894,0.012968038994458465
ComplementNB,3,title,char_wb,"(2, 3)",3,0.9,False,True,"{'alpha': 1.0, 'norm': False}",0.7494650491506688,0.021498233578404455
ComplementNB,4,title,char_wb,"(2, 3)",3,1.0,False,True,"{'alpha': 1.0, 'norm': False}",0.7494650491506688,0.021498233578404455
ComplementNB,1,title,char_wb,"(2, 3)",3,1.0,True,True,"{'alpha': 1.0, 'norm': False}",0.7490453469447946,0.02154760360336366
ComplementNB,2,title,char_wb,"(2, 3)",3,0.9,True,True,"{'alpha': 1.0, 'norm': False}",0.7490453469447946,0.02154760360336366
LogReg(다항),10,title,char,"(2, 3)",3,0.9,True,True,"{'C': 3.0, 'class_weight': None}",0.7483738756233992,0.01845431854916847
LogReg(다항),9,title,char,"(2, 3)",3,1.0,True,True,"{'C': 3.0, 'class_weight': None}",0.7483738756233992,0.01845431854916847
LogReg(다항),7,title,char,"(2, 3)",1,0.9,True,False,"{'C': 3.0, 'class_weight': None}",0.7482482473537834,0.01757322323715218
LogReg(다항),8,title,char,"(2, 3)",1,1.0,True,False,"{'C': 3.0, 'class_weight': None}",0.7482482473537834,0.01757322323715218
ComplementNB,5,title,char_wb,"(2, 3)",1,0.9,False,False,"{'alpha': 0.05, 'norm': False}",0.7457416659217351,0.028851268879195327
ComplementNB,6,title,char_wb,"(2, 3)",1,1.0,False,False,"{'alpha': 0.05, 'norm': False}",0.7457416659217351,0.028851268879195327
LogReg(다항),6,title,char_wb,"(2, 3)",1,1.0,False,False,"{'C': 3.0, 'class_weight': None}",0.7452480261093003,0.026846385837332593
LogReg(다항),5,title,char_wb,"(2, 3)",1,0.9,False,False,"{'C': 3.0, 'class_weight': None}",0.7452480261093003,0.026846385837332593
ComplementNB,9,title,char,"(2, 3)",3,1.0,True,True,"{'alpha': 0.3, 'norm': True}",0.7447989108205363,0.013128050481257815
ComplementNB,10,title,char,"(2, 3)",3,0.9,True,True,"{'alpha': 0.3, 'norm': True}",0.7447989108205363,0.013128050481257815
ComplementNB,2,title,char_wb,"(2, 3)",3,0.9,True,True,"{'alpha': 0.3, 'norm': True}",0.7421405237074284,0.0175490454790738
ComplementNB,1,title,char_wb,"(2, 3)",3,1.0,True,True,"{'alpha': 0.3, 'norm': True}",0.7421405237074284,0.0175490454790738
ComplementNB,3,title,char_wb,"(2, 3)",3,0.9,False,True,"{'alpha': 0.3, 'norm': True}",0.7421380324196403,0.016725026262061876
ComplementNB,4,title,char_wb,"(2, 3)",3,1.0,False,True,"{'alpha': 0.3, 'norm': True}",0.7421380324196403,0.016725026262061876
ComplementNB,8,title,char,"(2, 3)",1,1.0,True,False,"{'alpha': 0.1, 'norm': False}",0.7397149274950404,0.02089651369917266
ComplementNB,7,title,char,"(2, 3)",1,0.9,True,False,"{'alpha': 0.1, 'norm': False}",0.7397149274950404,0.02089651369917266
ComplementNB,7,title,char,"(2, 3)",1,0.9,True,False,"{'alpha': 0.01, 'norm': False}",0.7389496609247638,0.02360648011981555
ComplementNB,8,title,char,"(2, 3)",1,1.0,True,False,"{'alpha': 0.01, 'norm': False}",0.7389496609247638,0.02360648011981555
ComplementNB,9,title,char,"(2, 3)",3,1.0,True,True,"{'alpha': 1.0, 'norm': False}",0.738323446220696,0.018695655172158092
ComplementNB,10,title,char,"(2, 3)",3,0.9,True,True,"{'alpha': 1.0, 'norm': False}",0.738323446220696,0.018695655172158092
LogReg(다항),6,title,char_wb,"(2, 3)",1,1.0,False,False,"{'C': 0.3, 'class_weight': 'balanced'}",0.7356886661148624,0.030573724501368468
LogReg(다항),5,title,char_wb,"(2, 3)",1,0.9,False,False,"{'C': 0.3, 'class_weight': 'balanced'}",0.7356886661148624,0.030573724501368468
ComplementNB,5,title,char_wb,"(2, 3)",1,0.9,False,False,"{'alpha': 0.1, 'norm': False}",0.735680482413795,0.031784913020525496
ComplementNB,6,title,char_wb,"(2, 3)",1,1.0,False,False,"{'alpha': 0.1, 'norm': False}",0.735680482413795,0.031784913020525496
LogReg(OvR),7,title,char,"(2, 3)",1,0.9,True,False,"{'C': 3.0, 'class_weight': None}",0.7313021457949154,0.020746137573327383
LogReg(OvR),8,title,char,"(2, 3)",1,1.0,True,False,"{'C': 3.0, 'class_weight': None}",0.7313021457949154,0.020746137573327383
LogReg(OvR),6,title,char_wb,"(2, 3)",1,1.0,False,False,"{'C': 3.0, 'class_weight': None}",0.7310336331202473,0.029505798234481052
LogReg(OvR),5,title,char_wb,"(2, 3)",1,0.9,False,False,"{'C': 3.0, 'class_weight': None}",0.7310336331202473,0.029505798234481052
ComplementNB,7,title,char,"(2, 3)",1,0.9,True,False,"{'alpha': 0.3, 'norm': False}",0.7283907524918505,0.01971034678728543
ComplementNB,8,title,char,"(2, 3)",1,1.0,True,False,"{'alpha': 0.3, 'norm': False}",0.7283907524918505,0.01971034678728543
ComplementNB,5,title,char_wb,"(2, 3)",1,0.9,False,False,"{'alpha': 0.01, 'norm': False}",0.7273708858874488,0.017482985860420592
ComplementNB,6,title,char_wb,"(2, 3)",1,1.0,False,False,"{'alpha': 0.01, 'norm': False}",0.7273708858874488,0.017482985860420592
ComplementNB,1,title,char_wb,"(2, 3)",3,1.0,True,True,"{'alpha': 1.0, 'norm': True}",0.726691950819131,0.018434079596106007
ComplementNB,2,title,char_wb,"(2, 3)",3,0.9,True,True,"{'alpha': 1.0, 'norm': True}",0.726691950819131,0.018434079596106007
ComplementNB,8,title,char,"(2, 3)",1,1.0,True,False,"{'alpha': 0.05, 'norm': True}",0.7240751845745463,0.020275460933214043
ComplementNB,7,title,char,"(2, 3)",1,0.9,True,False,"{'alpha': 0.05, 'norm': True}",0.7240751845745463,0.020275460933214043
ComplementNB,3,title,char_wb,"(2, 3)",3,0.9,False,True,"{'alpha': 1.0, 'norm': True}",0.7231114754292183,0.018468708178986482
ComplementNB,4,title,char_wb,"(2, 3)",3,1.0,False,True,"{'alpha': 1.0, 'norm': True}",0.7231114754292183,0.018468708178986482
ComplementNB,10,title,char,"(2, 3)",3,0.9,True,True,"{'alpha': 0.1, 'norm': True}",0.7219437222299725,0.017456728399899302
ComplementNB,9,title,char,"(2, 3)",3,1.0,True,True,"{'alpha': 0.1, 'norm': True}",0.7219437222299725,0.017456728399899302
ComplementNB,5,title,char_wb,"(2, 3)",1,0.9,False,False,"{'alpha': 0.1, 'norm': True}",0.7218239558214026,0.020572230150421148
ComplementNB,6,title,char_wb,"(2, 3)",1,1.0,False,False,"{'alpha': 0.1, 'norm': True}",0.7218239558214026,0.020572230150421148
ComplementNB,6,title,char_wb,"(2, 3)",1,1.0,False,False,"{'alpha': 0.3, 'norm': False}",0.7200907968538217,0.019107200786550975
ComplementNB,5,title,char_wb,"(2, 3)",1,0.9,False,False,"{'alpha': 0.3, 'norm': False}",0.7200907968538217,0.019107200786550975
ComplementNB,8,title,char,"(2, 3)",1,1.0,True,False,"{'alpha': 0.1, 'norm': True}",0.718751447740855,0.02041886905134806
ComplementNB,7,title,char,"(2, 3)",1,0.9,True,False,"{'alpha': 0.1, 'norm': True}",0.718751447740855,0.02041886905134806
ComplementNB,3,title,char_wb,"(2, 3)",3,0.9,False,True,"{'alpha': 0.1, 'norm': True}",0.7179790512411743,0.019992518260174168
ComplementNB,4,title,char_wb,"(2, 3)",3,1.0,False,True,"{'alpha': 0.1, 'norm': True}",0.7179790512411743,0.019992518260174168
ComplementNB,9,title,char,"(2, 3)",3,1.0,True,True,"{'alpha': 1.0, 'norm': True}",0.717634474293319,0.023657801811398763
ComplementNB,10,title,char,"(2, 3)",3,0.9,True,True,"{'alpha': 1.0, 'norm': True}",0.717634474293319,0.023657801811398763
ComplementNB,1,title,char_wb,"(2, 3)",3,1.0,True,True,"{'alpha': 0.1, 'norm': True}",0.7158618461140819,0.018179529446260608
ComplementNB,2,title,char_wb,"(2, 3)",3,0.9,True,True,"{'alpha': 0.1, 'norm': True}",0.7158618461140819,0.018179529446260608
ComplementNB,5,title,char_wb,"(2, 3)",1,0.9,False,False,"{'alpha': 0.05, 'norm': True}",0.7120228349963449,0.02940485403718419
ComplementNB,6,title,char_wb,"(2, 3)",1,1.0,False,False,"{'alpha': 0.05, 'norm': True}",0.7120228349963449,0.02940485403718419
LinearSVC,5,title,char_wb,"(2, 3)",1,0.9,False,False,"{'C': 0.1, 'class_weight': None}",0.7105588954447423,0.03207490791871745
LinearSVC,6,title,char_wb,"(2, 3)",1,1.0,False,False,"{'C': 0.1, 'class_weight': None}",0.7105588954447423,0.03207490791871745
LinearSVC,7,title,char,"(2, 3)",1,0.9,True,False,"{'C': 0.1, 'class_weight': None}",0.7092450213907854,0.034837081601132996
LinearSVC,8,title,char,"(2, 3)",1,1.0,True,False,"{'C': 0.1, 'class_weight': None}",0.7092450213907854,0.034837081601132996
ComplementNB,7,title,char,"(2, 3)",1,0.9,True,False,"{'alpha': 0.3, 'norm': True}",0.6942382339428125,0.045790602127606356
ComplementNB,8,title,char,"(2, 3)",1,1.0,True,False,"{'alpha': 0.3, 'norm': True}",0.6942382339428125,0.045790602127606356
LogReg(다항),3,title,char_wb,"(2, 3)",3,0.9,False,True,"{'C': 1.0, 'class_weight': None}",0.6906796002218363,0.037118096665262196
LogReg(다항),4,title,char_wb,"(2, 3)",3,1.0,False,True,"{'C': 1.0, 'class_weight': None}",0.6906796002218363,0.037118096665262196
LogReg(다항),10,title,char,"(2, 3)",3,0.9,True,True,"{'C': 1.0, 'class_weight': None}",0.6901644291779435,0.043231654020649664
LogReg(다항),9,title,char,"(2, 3)",3,1.0,True,True,"{'C': 1.0, 'class_weight': None}",0.6901644291779435,0.043231654020649664
LogReg(다항),1,title,char_wb,"(2, 3)",3,1.0,True,True,"{'C': 1.0, 'class_weight': None}",0.6880088393304687,0.03835072208036336
LogReg(다항),2,title,char_wb,"(2, 3)",3,0.9,True,True,"{'C': 1.0, 'class_weight': None}",0.6880088393304687,0.03835072208036336
ComplementNB,9,title,char,"(2, 3)",3,1.0,True,True,"{'alpha': 0.05, 'norm': True}",0.6879267706972753,0.006694466609029486
ComplementNB,10,title,char,"(2, 3)",3,0.9,True,True,"{'alpha': 0.05, 'norm': True}",0.6879267706972753,0.006694466609029486
ComplementNB,1,title,char_wb,"(2, 3)",3,1.0,True,True,"{'alpha': 0.05, 'norm': True}",0.6851612973308597,0.011732199381122733
ComplementNB,2,title,char_wb,"(2, 3)",3,0.9,True,True,"{'alpha': 0.05, 'norm': True}",0.6851612973308597,0.011732199381122733
ComplementNB,4,title,char_wb,"(2, 3)",3,1.0,False,True,"{'alpha': 0.05, 'norm': True}",0.6849097690266849,0.0106289822399949
ComplementNB,3,title,char_wb,"(2, 3)",3,0.9,False,True,"{'alpha': 0.05, 'norm': True}",0.6849097690266849,0.0106289822399949
LogReg(OvR),2,title,char_wb,"(2, 3)",3,0.9,True,True,"{'C': 1.0, 'class_weight': None}",0.6840933870821366,0.037929543608832654
LogReg(OvR),1,title,char_wb,"(2, 3)",3,1.0,True,True,"{'C': 1.0, 'class_weight': None}",0.6840933870821366,0.037929543608832654
LogReg(OvR),4,title,char_wb,"(2, 3)",3,1.0,False,True,"{'C': 1.0, 'class_weight': None}",0.6836959529672321,0.03833260379376237
LogReg(OvR),3,title,char_wb,"(2, 3)",3,0.9,False,True,"{'C': 1.0, 'class_weight': None}",0.6836959529672321,0.03833260379376237
LogReg(다항),8,title,char,"(2, 3)",1,1.0,True,False,"{'C': 1.0, 'class_weight': None}",0.6824377548380507,0.034055438892693864
LogReg(다항),7,title,char,"(2, 3)",1,0.9,True,False,"{'C': 1.0, 'class_weight': None}",0.6824377548380507,0.034055438892693864
LogReg(다항),5,title,char_wb,"(2, 3)",1,0.9,False,False,"{'C': 1.0, 'class_weight': None}",0.6814622643175705,0.028524745727159923
LogReg(다항),6,title,char_wb,"(2, 3)",1,1.0,False,False,"{'C': 1.0, 'class_weight': None}",0.6814622643175705,0.028524745727159923
ComplementNB,6,title,char_wb,"(2, 3)",1,1.0,False,False,"{'alpha': 0.3, 'norm': True}",0.6780527249550639,0.0350493643519229
ComplementNB,5,title,char_wb,"(2, 3)",1,0.9,False,False,"{'alpha': 0.3, 'norm': True}",0.6780527249550639,0.0350493643519229
LogReg(OvR),9,title,char,"(2, 3)",3,1.0,True,True,"{'C': 1.0, 'class_weight': None}",0.6770109129523183,0.04257396548616805
LogReg(OvR),10,title,char,"(2, 3)",3,0.9,True,True,"{'C': 1.0, 'class_weight': None}",0.6770109129523183,0.04257396548616805
LogReg(OvR),6,title,char_wb,"(2, 3)",1,1.0,False,False,"{'C': 1.0, 'class_weight': None}",0.658076562256632,0.044087935979375825
LogReg(OvR),5,title,char_wb,"(2, 3)",1,0.9,False,False,"{'C': 1.0, 'class_weight': None}",0.658076562256632,0.044087935979375825
ComplementNB,8,title,char,"(2, 3)",1,1.0,True,False,"{'alpha': 1.0, 'norm': False}",0.6544820720196627,0.041852887519886424
ComplementNB,7,title,char,"(2, 3)",1,0.9,True,False,"{'alpha': 1.0, 'norm': False}",0.6544820720196627,0.041852887519886424
LogReg(OvR),7,title,char,"(2, 3)",1,0.9,True,False,"{'C': 1.0, 'class_weight': None}",0.6542243185818257,0.04349612627535175
LogReg(OvR),8,title,char,"(2, 3)",1,1.0,True,False,"{'C': 1.0, 'class_weight': None}",0.6542243185818257,0.04349612627535175
ComplementNB,6,title,char_wb,"(2, 3)",1,1.0,False,False,"{'alpha': 1.0, 'norm': False}",0.6415030900009158,0.038555642959444796
ComplementNB,5,title,char_wb,"(2, 3)",1,0.9,False,False,"{'alpha': 1.0, 'norm': False}",0.6415030900009158,0.038555642959444796
ComplementNB,10,title,char,"(2, 3)",3,0.9,True,True,"{'alpha': 0.01, 'norm': True}",0.6282227588821077,0.0107345028037244
ComplementNB,9,title,char,"(2, 3)",3,1.0,True,True,"{'alpha': 0.01, 'norm': True}",0.6282227588821077,0.0107345028037244
ComplementNB,4,title,char_wb,"(2, 3)",3,1.0,False,True,"{'alpha': 0.01, 'norm': True}",0.6241435608257228,0.015730079522788706
ComplementNB,3,title,char_wb,"(2, 3)",3,0.9,False,True,"{'alpha': 0.01, 'norm': True}",0.6241435608257228,0.015730079522788706
ComplementNB,2,title,char_wb,"(2, 3)",3,0.9,True,True,"{'alpha': 0.01, 'norm': True}",0.621757589397909,0.017584794285970057
ComplementNB,1,title,char_wb,"(2, 3)",3,1.0,True,True,"{'alpha': 0.01, 'norm': True}",0.621757589397909,0.017584794285970057
ComplementNB,7,title,char,"(2, 3)",1,0.9,True,False,"{'alpha': 1.0, 'norm': True}",0.6205653688349353,0.0488216680265165
ComplementNB,8,title,char,"(2, 3)",1,1.0,True,False,"{'alpha': 1.0, 'norm': True}",0.6205653688349353,0.0488216680265165
ComplementNB,7,title,char,"(2, 3)",1,0.9,True,False,"{'alpha': 0.01, 'norm': True}",0.6129880958877572,0.01196721203878996
ComplementNB,8,title,char,"(2, 3)",1,1.0,True,False,"{'alpha': 0.01, 'norm': True}",0.6129880958877572,0.01196721203878996
ComplementNB,5,title,char_wb,"(2, 3)",1,0.9,False,False,"{'alpha': 0.01, 'norm': True}",0.6054323630017765,0.014960331767977461
ComplementNB,6,title,char_wb,"(2, 3)",1,1.0,False,False,"{'alpha': 0.01, 'norm': True}",0.6054323630017765,0.014960331767977461
ComplementNB,6,title,char_wb,"(2, 3)",1,1.0,False,False,"{'alpha': 1.0, 'norm': True}",0.6032674661981553,0.041851187805227
ComplementNB,5,title,char_wb,"(2, 3)",1,0.9,False,False,"{'alpha': 1.0, 'norm': True}",0.6032674661981553,0.041851187805227
LogReg(다항),4,title,char_wb,"(2, 3)",3,1.0,False,True,"{'C': 0.3, 'class_weight': None}",0.5623940970753546,0.03327958451219205
LogReg(다항),3,title,char_wb,"(2, 3)",3,0.9,False,True,"{'C': 0.3, 'class_weight': None}",0.5623940970753546,0.03327958451219205
LogReg(다항),2,title,char_wb,"(2, 3)",3,0.9,True,True,"{'C': 0.3, 'class_weight': None}",0.5602687463365252,0.03267273607992338
LogReg(다항),1,title,char_wb,"(2, 3)",3,1.0,True,True,"{'C': 0.3, 'class_weight': None}",0.5602687463365252,0.03267273607992338
LogReg(다항),5,title,char_wb,"(2, 3)",1,0.9,False,False,"{'C': 0.3, 'class_weight': None}",0.5547661471777368,0.031799002825741454
LogReg(다항),6,title,char_wb,"(2, 3)",1,1.0,False,False,"{'C': 0.3, 'class_weight': None}",0.5547661471777368,0.031799002825741454
LogReg(다항),7,title,char,"(2, 3)",1,0.9,True,False,"{'C': 0.3, 'class_weight': None}",0.554340457714494,0.032112659175878314
LogReg(다항),8,title,char,"(2, 3)",1,1.0,True,False,"{'C': 0.3, 'class_weight': None}",0.554340457714494,0.032112659175878314
LogReg(다항),9,title,char,"(2, 3)",3,1.0,True,True,"{'C': 0.3, 'class_weight': None}",0.5539009857161739,0.03598103067181368
LogReg(다항),10,title,char,"(2, 3)",3,0.9,True,True,"{'C': 0.3, 'class_weight': None}",0.5539009857161739,0.03598103067181368
LogReg(OvR),4,title,char_wb,"(2, 3)",3,1.0,False,True,"{'C': 0.3, 'class_weight': None}",0.5466685207364823,0.032854150813364645
LogReg(OvR),3,title,char_wb,"(2, 3)",3,0.9,False,True,"{'C': 0.3, 'class_weight': None}",0.5466685207364823,0.032854150813364645
LogReg(OvR),2,title,char_wb,"(2, 3)",3,0.9,True,True,"{'C': 0.3, 'class_weight': None}",0.5466385331325327,0.031515010443487236
LogReg(OvR),1,title,char_wb,"(2, 3)",3,1.0,True,True,"{'C': 0.3, 'class_weight': None}",0.5466385331325327,0.031515010443487236
LogReg(OvR),8,title,char,"(2, 3)",1,1.0,True,False,"{'C': 0.3, 'class_weight': None}",0.5463019121192133,0.0338011284559565
LogReg(OvR),7,title,char,"(2, 3)",1,0.9,True,False,"{'C': 0.3, 'class_weight': None}",0.5463019121192133,0.0338011284559565
LogReg(OvR),6,title,char_wb,"(2, 3)",1,1.0,False,False,"{'C': 0.3, 'class_weight': None}",0.5453628047063479,0.032439445850643685
LogReg(OvR),5,title,char_wb,"(2, 3)",1,0.9,False,False,"{'C': 0.3, 'class_weight': None}",0.5453628047063479,0.032439445850643685
LogReg(OvR),9,title,char,"(2, 3)",3,1.0,True,True,"{'C': 0.3, 'class_weight': None}",0.5365797737803053,0.030783069604376226
LogReg(OvR),10,title,char,"(2, 3)",3,0.9,True,True,"{'C': 0.3, 'class_weight': None}",0.5365797737803053,0.030783069604376226
