입력,analyzer,ngram,min_df,max_df,sublinear,use_idf,CV_MacroF1,CV_std
title,char_wb,"(2, 3)",1,0.9,True,True,0.7318328321574492,0.023945441840883534
title,char_wb,"(2, 3)",1,1.0,True,True,0.7318328321574492,0.023945441840883534
title,char,"(2, 3)",1,0.9,True,True,0.731196548679363,0.029347044178806986
title,char,"(2, 3)",1,1.0,True,True,0.731196548679363,0.029347044178806986
title,char,"(2, 3)",1,1.0,False,True,0.7306362903399745,0.02807376591259012
title,char,"(2, 3)",1,0.9,False,True,0.7306362903399745,0.02807376591259012
title,char_wb,"(2, 3)",1,1.0,False,True,0.7305967606899954,0.024194374122639577
title,char_wb,"(2, 3)",1,0.9,False,True,0.7305967606899954,0.024194374122639577
title,char,"(2, 3)",1,1.0,True,False,0.7259676036973634,0.025051740311534128
title,char,"(2, 3)",1,0.9,True,False,0.7259676036973634,0.025051740311534128
title,char,"(2, 4)",1,1.0,True,True,0.7252809635330855,0.025087908522906623
title,char,"(2, 4)",1,0.9,True,True,0.7252809635330855,0.025087908522906623
title,char,"(2, 3)",1,1.0,False,False,0.7249878397535513,0.025519255507289403
title,char,"(2, 3)",1,0.9,False,False,0.7249878397535513,0.025519255507289403
title,char,"(2, 4)",1,1.0,False,True,0.7249121958572516,0.025411913168807088
title,char,"(2, 4)",1,0.9,False,True,0.7249121958572516,0.025411913168807088
title,char,"(2, 3)",2,0.9,True,True,0.7248607075317614,0.022765259341845298
title,char,"(2, 3)",2,1.0,True,True,0.7248607075317614,0.022765259341845298
title,char,"(2, 3)",2,1.0,False,True,0.7242055538880873,0.022995708804098916
title,char,"(2, 3)",2,0.9,False,True,0.7242055538880873,0.022995708804098916
title,char_wb,"(2, 3)",1,1.0,True,False,0.7230109207184834,0.02130084585515122
title,char_wb,"(2, 3)",1,0.9,True,False,0.7230109207184834,0.02130084585515122
title,char_wb,"(2, 3)",1,0.9,False,False,0.7227253828572368,0.02244991555332119
title,char_wb,"(2, 3)",1,1.0,False,False,0.7227253828572368,0.02244991555332119
title,char_wb,"(2, 5)",1,1.0,True,True,0.7225737334812823,0.021942383592139916
title,char_wb,"(2, 5)",1,0.9,True,True,0.7225737334812823,0.021942383592139916
title,char_wb,"(2, 4)",1,0.9,True,True,0.7221321769316983,0.024471801527713256
title,char_wb,"(2, 4)",1,1.0,True,True,0.7221321769316983,0.024471801527713256
title,char_wb,"(2, 5)",1,1.0,False,True,0.721625037758657,0.022232240907343184
title,char_wb,"(2, 5)",1,0.9,False,True,0.721625037758657,0.022232240907343184
title,char_wb,"(2, 4)",1,0.9,False,True,0.7215717219066772,0.02540871524211978
title,char_wb,"(2, 4)",1,1.0,False,True,0.7215717219066772,0.02540871524211978
title,char_wb,"(2, 3)",2,1.0,True,True,0.7200980339413858,0.01527648227776961
title,char_wb,"(2, 3)",2,0.9,True,True,0.7200980339413858,0.01527648227776961
title,char_wb,"(2, 3)",2,0.9,False,True,0.7188570792016689,0.01749712587428242
title,char_wb,"(2, 3)",2,1.0,False,True,0.7188570792016689,0.01749712587428242
title,char_wb,"(2, 4)",1,1.0,True,False,0.7175731545548379,0.025723957564821664
title,char_wb,"(2, 4)",1,0.9,True,False,0.7175731545548379,0.025723957564821664
title,char_wb,"(2, 4)",1,1.0,False,False,0.7168825580714433,0.024613787616481454
title,char_wb,"(2, 4)",1,0.9,False,False,0.7168825580714433,0.024613787616481454
title,char,"(2, 4)",2,0.9,True,True,0.7158974802825622,0.02265507620721146
title,char,"(2, 4)",2,1.0,True,True,0.7158974802825622,0.02265507620721146
title,char,"(2, 3)",3,1.0,True,True,0.7152520557873393,0.025664748345742935
title,char,"(2, 3)",3,0.9,True,True,0.7152520557873393,0.025664748345742935
title,char,"(2, 3)",3,1.0,False,True,0.7152310821466337,0.02367425983995601
title,char,"(2, 3)",3,0.9,False,True,0.7152310821466337,0.02367425983995601
title,char,"(2, 4)",2,0.9,False,True,0.7148502697787233,0.022689899743967432
title,char,"(2, 4)",2,1.0,False,True,0.7148502697787233,0.022689899743967432
instt_title,char_wb,"(2, 3)",1,1.0,True,True,0.7147715620726027,0.020339758567971676
instt_title,char_wb,"(2, 3)",1,0.9,True,True,0.7147715620726027,0.020339758567971676
instt_title,char,"(2, 3)",1,1.0,True,True,0.7144465814529953,0.018244194893410157
instt_title,char,"(2, 3)",1,0.9,True,True,0.7144465814529953,0.018244194893410157
title,char,"(2, 3)",2,0.9,False,False,0.7144361334391474,0.02848655044490153
title,char,"(2, 3)",2,1.0,False,False,0.7144361334391474,0.02848655044490153
title,char,"(2, 5)",1,0.9,False,True,0.7143224231861298,0.025728028118217013
title,char,"(2, 5)",1,1.0,False,True,0.7143224231861298,0.025728028118217013
title,char_wb,"(2, 3)",2,1.0,True,False,0.7142180316885822,0.021735050986116645
title,char_wb,"(2, 3)",2,0.9,True,False,0.7142180316885822,0.021735050986116645
title,char,"(2, 5)",1,1.0,True,True,0.714145925178823,0.028400454094346626
title,char,"(2, 5)",1,0.9,True,True,0.714145925178823,0.028400454094346626
title,char,"(2, 4)",1,0.9,False,False,0.7135948289056004,0.024777139311418273
title,char,"(2, 4)",1,1.0,False,False,0.7135948289056004,0.024777139311418273
title,char_wb,"(2, 3)",2,0.9,False,False,0.7133649546351801,0.024056215473908776
title,char_wb,"(2, 3)",2,1.0,False,False,0.7133649546351801,0.024056215473908776
title,char_wb,"(2, 5)",1,0.9,False,False,0.7130319804903573,0.025253162506029023
title,char_wb,"(2, 5)",1,1.0,False,False,0.7130319804903573,0.025253162506029023
title,char_wb,"(2, 5)",1,0.9,True,False,0.7125527746070368,0.02470948958784681
title,char_wb,"(2, 5)",1,1.0,True,False,0.7125527746070368,0.02470948958784681
title,char,"(2, 3)",2,1.0,True,False,0.7117415768315403,0.024619053702518448
title,char,"(2, 3)",2,0.9,True,False,0.7117415768315403,0.024619053702518448
title,char_wb,"(2, 4)",2,1.0,True,True,0.7110459075261566,0.023817038094514242
title,char_wb,"(2, 4)",2,0.9,True,True,0.7110459075261566,0.023817038094514242
title,char,"(2, 4)",3,1.0,True,True,0.7110329417894585,0.024770476062241597
title,char,"(2, 4)",3,0.9,True,True,0.7110329417894585,0.024770476062241597
title,char,"(2, 4)",1,0.9,True,False,0.7107312915282372,0.022856855568730298
title,char,"(2, 4)",1,1.0,True,False,0.7107312915282372,0.022856855568730298
title,char_wb,"(2, 4)",2,1.0,False,True,0.7106245593082501,0.024633362612151037
title,char_wb,"(2, 4)",2,0.9,False,True,0.7106245593082501,0.024633362612151037
title,char,"(2, 4)",3,0.9,False,True,0.710216512980043,0.027435133457253024
title,char,"(2, 4)",3,1.0,False,True,0.710216512980043,0.027435133457253024
title,char_wb,"(2, 3)",3,0.9,True,True,0.7096186736205279,0.023071078264754113
title,char_wb,"(2, 3)",3,1.0,True,True,0.7096186736205279,0.023071078264754113
title,char_wb,"(2, 3)",3,1.0,False,True,0.7092475040947868,0.023408196011838772
title,char_wb,"(2, 3)",3,0.9,False,True,0.7092475040947868,0.023408196011838772
title,char,"(2, 5)",2,1.0,False,True,0.7085951836592559,0.020223635185931597
title,char,"(2, 5)",2,0.9,False,True,0.7085951836592559,0.020223635185931597
instt_title,char,"(2, 3)",1,1.0,False,True,0.708390385022836,0.015080463505720178
instt_title,char,"(2, 3)",1,0.9,False,True,0.708390385022836,0.015080463505720178
title,char_wb,"(2, 4)",2,1.0,True,False,0.7083694502933096,0.019776681453762886
title,char_wb,"(2, 4)",2,0.9,True,False,0.7083694502933096,0.019776681453762886
title,char,"(2, 5)",2,1.0,True,True,0.7083175792504586,0.02004537642184832
title,char,"(2, 5)",2,0.9,True,True,0.7083175792504586,0.02004537642184832
title,char,"(2, 5)",1,0.9,True,False,0.7073752959532704,0.0212285052907398
title,char,"(2, 5)",1,1.0,True,False,0.7073752959532704,0.0212285052907398
instt_title,char_wb,"(2, 3)",1,1.0,False,True,0.7073285424746588,0.017645964007558735
instt_title,char_wb,"(2, 3)",1,0.9,False,True,0.7073285424746588,0.017645964007558735
title,char_wb,"(2, 4)",2,0.9,False,False,0.7073280246985696,0.022099666282503348
title,char_wb,"(2, 4)",2,1.0,False,False,0.7073280246985696,0.022099666282503348
title,char_wb,"(2, 5)",2,1.0,False,True,0.7071553581830171,0.02532758954861282
title,char_wb,"(2, 5)",2,0.9,False,True,0.7071553581830171,0.02532758954861282
title,char_wb,"(2, 5)",2,1.0,True,True,0.7068483898724548,0.023657858374825723
title,char_wb,"(2, 5)",2,0.9,True,True,0.7068483898724548,0.023657858374825723
title,char_wb,"(2, 4)",3,0.9,True,True,0.70634539156201,0.020974694095096245
title,char_wb,"(2, 4)",3,1.0,True,True,0.70634539156201,0.020974694095096245
title,char,"(2, 5)",3,0.9,True,True,0.7061009269521759,0.024428498241054957
title,char,"(2, 5)",3,1.0,True,True,0.7061009269521759,0.024428498241054957
title,char,"(2, 5)",3,1.0,False,True,0.7057089986147701,0.023936256285523674
title,char,"(2, 5)",3,0.9,False,True,0.7057089986147701,0.023936256285523674
title,char,"(2, 5)",1,1.0,False,False,0.7056460455371221,0.021824080135505394
title,char,"(2, 5)",1,0.9,False,False,0.7056460455371221,0.021824080135505394
title,char_wb,"(2, 4)",3,0.9,False,True,0.7052214589535014,0.021314615982146932
title,char_wb,"(2, 4)",3,1.0,False,True,0.7052214589535014,0.021314615982146932
title,char_wb,"(2, 5)",2,0.9,True,False,0.7042134117227985,0.01793559355660764
title,char_wb,"(2, 5)",2,1.0,True,False,0.7042134117227985,0.01793559355660764
title,char_wb,"(2, 5)",2,1.0,False,False,0.7040783181232407,0.019422823806484857
title,char_wb,"(2, 5)",2,0.9,False,False,0.7040783181232407,0.019422823806484857
instt_title,char,"(2, 3)",2,0.9,True,True,0.7027854889714193,0.01895986947057251
instt_title,char,"(2, 3)",2,1.0,True,True,0.7027854889714193,0.01895986947057251
instt_title,char_wb,"(2, 3)",2,0.9,True,True,0.7027574966802896,0.021706784094498364
instt_title,char_wb,"(2, 3)",2,1.0,True,True,0.7027574966802896,0.021706784094498364
title,char,"(2, 3)",3,1.0,True,False,0.702388378144509,0.022337441509168495
title,char,"(2, 3)",3,0.9,True,False,0.702388378144509,0.022337441509168495
title,char,"(2, 4)",2,1.0,False,False,0.7023605997652286,0.021650172037355534
title,char,"(2, 4)",2,0.9,False,False,0.7023605997652286,0.021650172037355534
instt_title,char_wb,"(2, 3)",3,0.9,True,True,0.7021495433828753,0.022083114379097133
instt_title,char_wb,"(2, 3)",3,1.0,True,True,0.7021495433828753,0.022083114379097133
title,char,"(2, 4)",2,0.9,True,False,0.7020784354434589,0.022940655096572456
title,char,"(2, 4)",2,1.0,True,False,0.7020784354434589,0.022940655096572456
title,char_wb,"(2, 3)",3,1.0,False,False,0.7013157468449416,0.028763710216223648
title,char_wb,"(2, 3)",3,0.9,False,False,0.7013157468449416,0.028763710216223648
title,char_wb,"(2, 3)",3,0.9,True,False,0.7011025564123725,0.028114873194696317
title,char_wb,"(2, 3)",3,1.0,True,False,0.7011025564123725,0.028114873194696317
title,char,"(2, 3)",3,0.9,False,False,0.7006809047849722,0.022714204906010588
title,char,"(2, 3)",3,1.0,False,False,0.7006809047849722,0.022714204906010588
title,char_wb,"(2, 5)",3,0.9,True,True,0.7002947025277647,0.02191681806743356
title,char_wb,"(2, 5)",3,1.0,True,True,0.7002947025277647,0.02191681806743356
instt_title,char_wb,"(2, 4)",1,0.9,True,True,0.7001392965794359,0.018274076843577597
instt_title,char_wb,"(2, 4)",1,1.0,True,True,0.7001392965794359,0.018274076843577597
instt_title,char,"(2, 3)",3,1.0,True,True,0.6999668493751317,0.022784235112930797
instt_title,char,"(2, 3)",3,0.9,True,True,0.6999668493751317,0.022784235112930797
title,char_wb,"(2, 5)",3,0.9,False,True,0.6992118103677373,0.02312229164168819
title,char_wb,"(2, 5)",3,1.0,False,True,0.6992118103677373,0.02312229164168819
instt_title,char,"(2, 3)",2,0.9,False,True,0.6956970790126908,0.016955819704092583
instt_title,char,"(2, 3)",2,1.0,False,True,0.6956970790126908,0.016955819704092583
title,char,"(2, 5)",2,0.9,True,False,0.695580558004321,0.02452171944369587
title,char,"(2, 5)",2,1.0,True,False,0.695580558004321,0.02452171944369587
title,char_wb,"(3, 5)",1,0.9,True,True,0.6952039980692211,0.020838326775985898
title,char_wb,"(3, 5)",1,1.0,True,True,0.6952039980692211,0.020838326775985898
title,char_wb,"(3, 5)",1,0.9,False,True,0.695161915817201,0.0204978952590804
title,char_wb,"(3, 5)",1,1.0,False,True,0.695161915817201,0.0204978952590804
instt_title,char_wb,"(2, 3)",2,0.9,False,True,0.6949509078127933,0.01906768481177027
instt_title,char_wb,"(2, 3)",2,1.0,False,True,0.6949509078127933,0.01906768481177027
instt_title,char,"(2, 3)",3,0.9,False,True,0.6946913489682925,0.02497245721307279
instt_title,char,"(2, 3)",3,1.0,False,True,0.6946913489682925,0.02497245721307279
instt_title,char,"(2, 3)",1,1.0,True,False,0.6946781330976151,0.02019815650772646
instt_title,char,"(2, 3)",1,0.9,True,False,0.6946781330976151,0.02019815650772646
instt_title,char_wb,"(2, 3)",1,1.0,True,False,0.6943056482603742,0.025264140152804152
instt_title,char_wb,"(2, 3)",1,0.9,True,False,0.6943056482603742,0.025264140152804152
title,char,"(2, 5)",2,0.9,False,False,0.6941276042906088,0.02403719946107864
title,char,"(2, 5)",2,1.0,False,False,0.6941276042906088,0.02403719946107864
instt_title,char,"(2, 3)",2,1.0,True,False,0.6939744978397213,0.022506487399402923
instt_title,char,"(2, 3)",2,0.9,True,False,0.6939744978397213,0.022506487399402923
title,char_wb,"(2, 4)",3,0.9,False,False,0.6938253183391279,0.029330492054394974
title,char_wb,"(2, 4)",3,1.0,False,False,0.6938253183391279,0.029330492054394974
instt_title,char,"(2, 4)",1,1.0,True,True,0.6934154365250733,0.014759301784891212
instt_title,char,"(2, 4)",1,0.9,True,True,0.6934154365250733,0.014759301784891212
instt_title,char_wb,"(2, 3)",2,1.0,True,False,0.6931116993170947,0.02870192040127212
instt_title,char_wb,"(2, 3)",2,0.9,True,False,0.6931116993170947,0.02870192040127212
instt_title,char_wb,"(2, 3)",3,0.9,False,True,0.692807539123339,0.02151820996815313
instt_title,char_wb,"(2, 3)",3,1.0,False,True,0.692807539123339,0.02151820996815313
title,char_wb,"(2, 4)",3,1.0,True,False,0.6924424037144946,0.0269173637957632
title,char_wb,"(2, 4)",3,0.9,True,False,0.6924424037144946,0.0269173637957632
instt_title,char_wb,"(2, 4)",1,1.0,False,True,0.6920544979585989,0.018300842942821083
instt_title,char_wb,"(2, 4)",1,0.9,False,True,0.6920544979585989,0.018300842942821083
instt_title,char,"(2, 3)",1,0.9,False,False,0.6908197962240765,0.020378192813707667
instt_title,char,"(2, 3)",1,1.0,False,False,0.6908197962240765,0.020378192813707667
instt_title,char,"(2, 4)",1,0.9,False,True,0.6901414576533073,0.013936414885554025
instt_title,char,"(2, 4)",1,1.0,False,True,0.6901414576533073,0.013936414885554025
instt_title,char_wb,"(2, 3)",1,0.9,False,False,0.6900517520113782,0.01944465576734328
instt_title,char_wb,"(2, 3)",1,1.0,False,False,0.6900517520113782,0.01944465576734328
instt_title,char,"(2, 4)",2,0.9,True,True,0.6896852752769402,0.017432951376523616
instt_title,char,"(2, 4)",2,1.0,True,True,0.6896852752769402,0.017432951376523616
title,char,"(2, 4)",3,0.9,False,False,0.6896505118906715,0.02456944052237447
title,char,"(2, 4)",3,1.0,False,False,0.6896505118906715,0.02456944052237447
title,char,"(2, 4)",3,1.0,True,False,0.6896119197786756,0.02418075445736113
title,char,"(2, 4)",3,0.9,True,False,0.6896119197786756,0.02418075445736113
title,char,"(3, 5)",1,0.9,True,True,0.6895963573922419,0.019678722701063908
title,char,"(3, 5)",1,1.0,True,True,0.6895963573922419,0.019678722701063908
title,char,"(3, 5)",1,1.0,False,True,0.6891539362041406,0.02010396216111928
title,char,"(3, 5)",1,0.9,False,True,0.6891539362041406,0.02010396216111928
instt_title,char_wb,"(2, 5)",1,1.0,True,True,0.6885571340308644,0.019879545680981422
instt_title,char_wb,"(2, 5)",1,0.9,True,True,0.6885571340308644,0.019879545680981422
title,char_wb,"(2, 5)",3,0.9,False,False,0.6884800186461237,0.028518959643617264
title,char_wb,"(2, 5)",3,1.0,False,False,0.6884800186461237,0.028518959643617264
instt_title,char,"(2, 3)",2,1.0,False,False,0.6882622441295445,0.020788696277383948
instt_title,char,"(2, 3)",2,0.9,False,False,0.6882622441295445,0.020788696277383948
instt_title,char_wb,"(2, 4)",2,0.9,True,True,0.6878465546126679,0.020070556238622507
instt_title,char_wb,"(2, 4)",2,1.0,True,True,0.6878465546126679,0.020070556238622507
title,char_wb,"(2, 5)",3,0.9,True,False,0.6874658844203054,0.02708623527119151
title,char_wb,"(2, 5)",3,1.0,True,False,0.6874658844203054,0.02708623527119151
instt_title,char_wb,"(2, 3)",2,1.0,False,False,0.6871820357139927,0.027436467770818557
instt_title,char_wb,"(2, 3)",2,0.9,False,False,0.6871820357139927,0.027436467770818557
title,char,"(3, 5)",1,1.0,False,False,0.6854592261468027,0.021965220534950886
title,char,"(3, 5)",1,0.9,False,False,0.6854592261468027,0.021965220534950886
title,char,"(2, 5)",3,0.9,True,False,0.6842865109654777,0.024500844624687566
title,char,"(2, 5)",3,1.0,True,False,0.6842865109654777,0.024500844624687566
instt_title,char,"(2, 3)",3,1.0,True,False,0.6841700170255836,0.024191678369129048
instt_title,char,"(2, 3)",3,0.9,True,False,0.6841700170255836,0.024191678369129048
instt_title,char_wb,"(2, 3)",3,0.9,True,False,0.6840766560575364,0.02958859408398522
instt_title,char_wb,"(2, 3)",3,1.0,True,False,0.6840766560575364,0.02958859408398522
title,char,"(2, 5)",3,0.9,False,False,0.6840589908677637,0.024780982006555454
title,char,"(2, 5)",3,1.0,False,False,0.6840589908677637,0.024780982006555454
instt_title,char_wb,"(2, 4)",1,1.0,True,False,0.6838607646509067,0.01696843609539648
instt_title,char_wb,"(2, 4)",1,0.9,True,False,0.6838607646509067,0.01696843609539648
title,char,"(3, 5)",1,1.0,True,False,0.6836844993253776,0.02423284202386253
title,char,"(3, 5)",1,0.9,True,False,0.6836844993253776,0.02423284202386253
instt_title,char_wb,"(2, 4)",3,1.0,True,True,0.6833520301029299,0.028644966956482464
instt_title,char_wb,"(2, 4)",3,0.9,True,True,0.6833520301029299,0.028644966956482464
instt_title,char,"(2, 4)",1,1.0,True,False,0.6833469206506851,0.021116784372113777
instt_title,char,"(2, 4)",1,0.9,True,False,0.6833469206506851,0.021116784372113777
instt_title,char,"(2, 4)",2,1.0,False,True,0.6828256168529948,0.018085245053867736
instt_title,char,"(2, 4)",2,0.9,False,True,0.6828256168529948,0.018085245053867736
title,char_wb,"(3, 5)",1,1.0,False,False,0.6821643659065126,0.0304251900614069
title,char_wb,"(3, 5)",1,0.9,False,False,0.6821643659065126,0.0304251900614069
instt_title,char_wb,"(2, 4)",2,1.0,False,True,0.6818068231467689,0.01920281328585277
instt_title,char_wb,"(2, 4)",2,0.9,False,True,0.6818068231467689,0.01920281328585277
title,char_wb,"(3, 5)",1,0.9,True,False,0.6812934459136081,0.030131156387989723
title,char_wb,"(3, 5)",1,1.0,True,False,0.6812934459136081,0.030131156387989723
instt_title,char_wb,"(2, 5)",1,0.9,False,True,0.6811814120839284,0.01655812936872471
instt_title,char_wb,"(2, 5)",1,1.0,False,True,0.6811814120839284,0.01655812936872471
instt_title,char_wb,"(2, 5)",2,0.9,True,True,0.6807138077063885,0.020214118494175263
instt_title,char_wb,"(2, 5)",2,1.0,True,True,0.6807138077063885,0.020214118494175263
instt_title,char_wb,"(2, 4)",2,1.0,True,False,0.680681458107822,0.025361680130985283
instt_title,char_wb,"(2, 4)",2,0.9,True,False,0.680681458107822,0.025361680130985283
instt_title,char,"(2, 3)",3,0.9,False,False,0.679587770754783,0.024154253716416156
instt_title,char,"(2, 3)",3,1.0,False,False,0.679587770754783,0.024154253716416156
instt_title,char_wb,"(2, 3)",3,1.0,False,False,0.6795383533514546,0.025519085478258416
instt_title,char_wb,"(2, 3)",3,0.9,False,False,0.6795383533514546,0.025519085478258416
instt_title,char_wb,"(2, 4)",1,0.9,False,False,0.679306046337486,0.01756836982820425
instt_title,char_wb,"(2, 4)",1,1.0,False,False,0.679306046337486,0.01756836982820425
instt_title,char,"(2, 4)",2,1.0,True,False,0.6791544452563839,0.023622920513828225
instt_title,char,"(2, 4)",2,0.9,True,False,0.6791544452563839,0.023622920513828225
instt_title,char,"(2, 4)",1,1.0,False,False,0.678882188812031,0.01829018376080712
instt_title,char,"(2, 4)",1,0.9,False,False,0.678882188812031,0.01829018376080712
instt_title,char,"(2, 4)",3,0.9,True,True,0.6788543244782067,0.022632375016103753
instt_title,char,"(2, 4)",3,1.0,True,True,0.6788543244782067,0.022632375016103753
instt_title,char_wb,"(2, 5)",1,0.9,True,False,0.6779694038721388,0.017313449655316598
instt_title,char_wb,"(2, 5)",1,1.0,True,False,0.6779694038721388,0.017313449655316598
instt_title,char_wb,"(2, 5)",2,0.9,False,True,0.6763562324289815,0.01713709878710099
instt_title,char_wb,"(2, 5)",2,1.0,False,True,0.6763562324289815,0.01713709878710099
instt_title,char_wb,"(2, 4)",3,1.0,False,True,0.6750999175289465,0.022870726860030846
instt_title,char_wb,"(2, 4)",3,0.9,False,True,0.6750999175289465,0.022870726860030846
instt_title,char_wb,"(2, 5)",3,0.9,True,True,0.6748951381435349,0.022190366339675513
instt_title,char_wb,"(2, 5)",3,1.0,True,True,0.6748951381435349,0.022190366339675513
instt_title,char,"(2, 4)",3,0.9,False,True,0.6748495265086822,0.02047659533413504
instt_title,char,"(2, 4)",3,1.0,False,True,0.6748495265086822,0.02047659533413504
instt_title,char_wb,"(2, 4)",3,0.9,True,False,0.6743529154035233,0.027608440239937485
instt_title,char_wb,"(2, 4)",3,1.0,True,False,0.6743529154035233,0.027608440239937485
instt_title,char,"(2, 5)",1,0.9,True,True,0.6735536888912514,0.01680561392005475
instt_title,char,"(2, 5)",1,1.0,True,True,0.6735536888912514,0.01680561392005475
instt_title,char,"(2, 4)",2,1.0,False,False,0.6733620346079054,0.022523860919888027
instt_title,char,"(2, 4)",2,0.9,False,False,0.6733620346079054,0.022523860919888027
instt_title,char,"(2, 5)",2,0.9,True,True,0.6731239110994884,0.019482752842456246
instt_title,char,"(2, 5)",2,1.0,True,True,0.6731239110994884,0.019482752842456246
instt_title,char,"(2, 4)",3,1.0,True,False,0.6730861442894283,0.02246479535483738
instt_title,char,"(2, 4)",3,0.9,True,False,0.6730861442894283,0.02246479535483738
instt_title,char_wb,"(2, 5)",1,1.0,False,False,0.6726037907302379,0.018669090479141014
instt_title,char_wb,"(2, 5)",1,0.9,False,False,0.6726037907302379,0.018669090479141014
instt_title,char_wb,"(2, 4)",2,1.0,False,False,0.672405069174664,0.018893254743202016
instt_title,char_wb,"(2, 4)",2,0.9,False,False,0.672405069174664,0.018893254743202016
instt_title,char_wb,"(2, 5)",3,1.0,True,False,0.6723074954891769,0.026328129961342546
instt_title,char_wb,"(2, 5)",3,0.9,True,False,0.6723074954891769,0.026328129961342546
instt_title,char_wb,"(2, 5)",2,1.0,True,False,0.6718349402698248,0.020609924193032505
instt_title,char_wb,"(2, 5)",2,0.9,True,False,0.6718349402698248,0.020609924193032505
instt_title,char,"(2, 5)",3,1.0,True,True,0.6698466186757498,0.024998270981928722
instt_title,char,"(2, 5)",3,0.9,True,True,0.6698466186757498,0.024998270981928722
title,char_wb,"(3, 5)",2,0.9,True,True,0.6697342773699619,0.02150270862120036
title,char_wb,"(3, 5)",2,1.0,True,True,0.6697342773699619,0.02150270862120036
title,char,"(3, 5)",2,1.0,False,True,0.6696244954640294,0.013308820999785972
title,char,"(3, 5)",2,0.9,False,True,0.6696244954640294,0.013308820999785972
title,char,"(3, 5)",2,0.9,True,True,0.669452643309531,0.012855146673848747
title,char,"(3, 5)",2,1.0,True,True,0.669452643309531,0.012855146673848747
title,char_wb,"(3, 5)",2,1.0,False,True,0.669438941850361,0.021757265545943483
title,char_wb,"(3, 5)",2,0.9,False,True,0.669438941850361,0.021757265545943483
instt_title,char,"(2, 5)",1,1.0,False,True,0.6692993271411766,0.014045676661158666
instt_title,char,"(2, 5)",1,0.9,False,True,0.6692993271411766,0.014045676661158666
instt_title,char,"(2, 4)",3,0.9,False,False,0.6683769159385751,0.0213120192834913
instt_title,char,"(2, 4)",3,1.0,False,False,0.6683769159385751,0.0213120192834913
instt_title,char_wb,"(2, 4)",3,0.9,False,False,0.6683290601785229,0.02575206831565873
instt_title,char_wb,"(2, 4)",3,1.0,False,False,0.6683290601785229,0.02575206831565873
instt_title,char_wb,"(2, 5)",3,1.0,False,True,0.6671097946880108,0.02190479997606556
instt_title,char_wb,"(2, 5)",3,0.9,False,True,0.6671097946880108,0.02190479997606556
instt_title,char,"(2, 5)",1,0.9,True,False,0.6670010146311461,0.019643091873340672
instt_title,char,"(2, 5)",1,1.0,True,False,0.6670010146311461,0.019643091873340672
instt_title,char,"(2, 5)",2,1.0,False,True,0.6659526819453747,0.02076369398551054
instt_title,char,"(2, 5)",2,0.9,False,True,0.6659526819453747,0.02076369398551054
instt_title,char_wb,"(2, 5)",2,1.0,False,False,0.6653237962216714,0.016835314893075975
instt_title,char_wb,"(2, 5)",2,0.9,False,False,0.6653237962216714,0.016835314893075975
instt_title,char,"(2, 5)",2,1.0,True,False,0.6653173711840598,0.02578155689049212
instt_title,char,"(2, 5)",2,0.9,True,False,0.6653173711840598,0.02578155689049212
instt_title,char,"(2, 5)",3,0.9,True,False,0.6633459417378713,0.02605481157824916
instt_title,char,"(2, 5)",3,1.0,True,False,0.6633459417378713,0.02605481157824916
instt_title,char,"(2, 5)",3,1.0,False,True,0.6633259668136573,0.02109505723574938
instt_title,char,"(2, 5)",3,0.9,False,True,0.6633259668136573,0.02109505723574938
instt_title,char,"(2, 5)",1,0.9,False,False,0.6626129142218549,0.017962487838381416
instt_title,char,"(2, 5)",1,1.0,False,False,0.6626129142218549,0.017962487838381416
instt_title,char_wb,"(2, 5)",3,0.9,False,False,0.6618756104649549,0.02556107600035139
instt_title,char_wb,"(2, 5)",3,1.0,False,False,0.6618756104649549,0.02556107600035139
title,char_wb,"(3, 5)",2,0.9,False,False,0.66079993167023,0.02775890127587974
title,char_wb,"(3, 5)",2,1.0,False,False,0.66079993167023,0.02775890127587974
instt_title,char_wb,"(3, 5)",1,0.9,True,True,0.6606316307765256,0.013376836656123336
instt_title,char_wb,"(3, 5)",1,1.0,True,True,0.6606316307765256,0.013376836656123336
instt_title,char,"(2, 5)",2,0.9,False,False,0.6604256047387158,0.02621658270443744
instt_title,char,"(2, 5)",2,1.0,False,False,0.6604256047387158,0.02621658270443744
title,char_wb,"(3, 5)",2,0.9,True,False,0.660264440627052,0.0271747703161318
title,char_wb,"(3, 5)",2,1.0,True,False,0.660264440627052,0.0271747703161318
title,char,"(3, 5)",2,0.9,False,False,0.660097124627405,0.017577028010355367
title,char,"(3, 5)",2,1.0,False,False,0.660097124627405,0.017577028010355367
title,char,"(3, 5)",2,0.9,True,False,0.6598228898392613,0.01779202467440591
title,char,"(3, 5)",2,1.0,True,False,0.6598228898392613,0.01779202467440591
instt_title,char_wb,"(3, 5)",1,1.0,False,True,0.6572280489314345,0.01141222976951964
instt_title,char_wb,"(3, 5)",1,0.9,False,True,0.6572280489314345,0.01141222976951964
instt_title,char,"(2, 5)",3,0.9,False,False,0.6567588535994776,0.023216859934399384
instt_title,char,"(2, 5)",3,1.0,False,False,0.6567588535994776,0.023216859934399384
title,char,"(3, 5)",3,0.9,True,True,0.6537375841166492,0.014330402544155359
title,char,"(3, 5)",3,1.0,True,True,0.6537375841166492,0.014330402544155359
title,char,"(3, 5)",3,0.9,False,True,0.6535844822075914,0.014404872989886928
title,char,"(3, 5)",3,1.0,False,True,0.6535844822075914,0.014404872989886928
instt_title,char_wb,"(3, 5)",1,1.0,True,False,0.6525813711163286,0.01843071764845868
instt_title,char_wb,"(3, 5)",1,0.9,True,False,0.6525813711163286,0.01843071764845868
instt_title,char,"(3, 5)",1,1.0,True,True,0.6507966258610443,0.01744063466626269
instt_title,char,"(3, 5)",1,0.9,True,True,0.6507966258610443,0.01744063466626269
instt_title,char,"(3, 5)",1,0.9,True,False,0.6487926310087143,0.019572898048239237
instt_title,char,"(3, 5)",1,1.0,True,False,0.6487926310087143,0.019572898048239237
instt_title,char,"(3, 5)",1,1.0,False,True,0.6481850350565816,0.016558638484868413
instt_title,char,"(3, 5)",1,0.9,False,True,0.6481850350565816,0.016558638484868413
instt_title,char_wb,"(3, 5)",1,0.9,False,False,0.6481661969669295,0.016947846328578153
instt_title,char_wb,"(3, 5)",1,1.0,False,False,0.6481661969669295,0.016947846328578153
instt_title,char,"(3, 5)",2,1.0,True,True,0.6481039392189734,0.02213788573150713
instt_title,char,"(3, 5)",2,0.9,True,True,0.6481039392189734,0.02213788573150713
instt_title,char,"(3, 5)",1,0.9,False,False,0.6464917319753691,0.020627252465444883
instt_title,char,"(3, 5)",1,1.0,False,False,0.6464917319753691,0.020627252465444883
instt_title,char_wb,"(3, 5)",2,0.9,True,True,0.6454487704353022,0.01691286126603147
instt_title,char_wb,"(3, 5)",2,1.0,True,True,0.6454487704353022,0.01691286126603147
instt_title,char,"(3, 5)",2,1.0,False,True,0.6438293590783927,0.021345301252522274
instt_title,char,"(3, 5)",2,0.9,False,True,0.6438293590783927,0.021345301252522274
title,char_wb,"(3, 5)",3,0.9,True,True,0.6435303609994041,0.021024364909640818
title,char_wb,"(3, 5)",3,1.0,True,True,0.6435303609994041,0.021024364909640818
title,char_wb,"(3, 5)",3,1.0,False,True,0.6425968301459171,0.022131710018436695
title,char_wb,"(3, 5)",3,0.9,False,True,0.6425968301459171,0.022131710018436695
instt_title,char_wb,"(3, 5)",2,0.9,False,True,0.6422484221708278,0.01766814280110934
instt_title,char_wb,"(3, 5)",2,1.0,False,True,0.6422484221708278,0.01766814280110934
title,char,"(3, 5)",3,1.0,True,False,0.6414125283344154,0.013344187216810391
title,char,"(3, 5)",3,0.9,True,False,0.6414125283344154,0.013344187216810391
title,char,"(3, 5)",3,1.0,False,False,0.64107296004029,0.013837834570692814
title,char,"(3, 5)",3,0.9,False,False,0.64107296004029,0.013837834570692814
instt_title,char,"(3, 5)",3,1.0,True,True,0.6360320290363771,0.021185884916187357
instt_title,char,"(3, 5)",3,0.9,True,True,0.6360320290363771,0.021185884916187357
instt_title,char,"(3, 5)",3,1.0,True,False,0.6345578921997224,0.023444203231775807
instt_title,char,"(3, 5)",3,0.9,True,False,0.6345578921997224,0.023444203231775807
instt_title,char,"(3, 5)",2,0.9,True,False,0.6336882863295995,0.021317281341821957
instt_title,char,"(3, 5)",2,1.0,True,False,0.6336882863295995,0.021317281341821957
instt_title,char,"(3, 5)",2,0.9,False,False,0.6326679671348364,0.019285175531422196
instt_title,char,"(3, 5)",2,1.0,False,False,0.6326679671348364,0.019285175531422196
instt_title,char,"(3, 5)",3,1.0,False,False,0.631531900526408,0.022247330662804075
instt_title,char,"(3, 5)",3,0.9,False,False,0.631531900526408,0.022247330662804075
instt_title,char,"(3, 5)",3,0.9,False,True,0.630920968489305,0.019873775016341442
instt_title,char,"(3, 5)",3,1.0,False,True,0.630920968489305,0.019873775016341442
instt_title,char_wb,"(3, 5)",2,0.9,True,False,0.6300596001684136,0.012233793859388945
instt_title,char_wb,"(3, 5)",2,1.0,True,False,0.6300596001684136,0.012233793859388945
title,char_wb,"(3, 5)",3,0.9,True,False,0.628849104522609,0.021762474017390763
title,char_wb,"(3, 5)",3,1.0,True,False,0.628849104522609,0.021762474017390763
instt_title,char_wb,"(3, 5)",3,0.9,True,True,0.6285331495771649,0.02398757593752582
instt_title,char_wb,"(3, 5)",3,1.0,True,True,0.6285331495771649,0.02398757593752582
title,char_wb,"(3, 5)",3,1.0,False,False,0.6281806809525003,0.022431571224923695
title,char_wb,"(3, 5)",3,0.9,False,False,0.6281806809525003,0.022431571224923695
instt_title,char_wb,"(3, 5)",2,0.9,False,False,0.6278692708936375,0.012286718343141295
instt_title,char_wb,"(3, 5)",2,1.0,False,False,0.6278692708936375,0.012286718343141295
instt_title,char_wb,"(3, 5)",3,0.9,False,True,0.6245735615314842,0.020815446145044218
instt_title,char_wb,"(3, 5)",3,1.0,False,True,0.6245735615314842,0.020815446145044218
title,word,"(1, 1)",1,1.0,False,True,0.6235200731170332,0.02319644994976035
title,word,"(1, 1)",1,0.9,False,True,0.6235200731170332,0.02319644994976035
instt_title,char_wb,"(3, 5)",3,0.9,True,False,0.6231881221485976,0.015179285396729582
instt_title,char_wb,"(3, 5)",3,1.0,True,False,0.6231881221485976,0.015179285396729582
title,word,"(1, 1)",1,1.0,True,True,0.6230437606446089,0.02346580261483476
title,word,"(1, 1)",1,0.9,True,True,0.6230437606446089,0.02346580261483476
title,word,"(1, 2)",1,0.9,True,True,0.6229127991416563,0.028556209823632453
title,word,"(1, 2)",1,1.0,True,True,0.6229127991416563,0.028556209823632453
title,word,"(1, 2)",1,1.0,False,True,0.6228940231163463,0.028523517524317275
title,word,"(1, 2)",1,0.9,False,True,0.6228940231163463,0.028523517524317275
instt_title,char_wb,"(3, 5)",3,1.0,False,False,0.6217254236477257,0.0160265537234561
instt_title,char_wb,"(3, 5)",3,0.9,False,False,0.6217254236477257,0.0160265537234561
instt_title,word,"(1, 1)",1,1.0,True,True,0.6198021545363963,0.02208820478973206
instt_title,word,"(1, 1)",1,0.9,True,True,0.6198021545363963,0.02208820478973206
instt_title,word,"(1, 1)",1,0.9,False,True,0.6177486299989863,0.020324920180431687
instt_title,word,"(1, 1)",1,1.0,False,True,0.6177486299989863,0.020324920180431687
instt_title,word,"(1, 1)",1,0.9,True,False,0.6124872840221508,0.015772815149746502
instt_title,word,"(1, 1)",1,1.0,True,False,0.6124872840221508,0.015772815149746502
instt_title,word,"(1, 2)",1,1.0,True,True,0.611482611012547,0.027394426229469023
instt_title,word,"(1, 2)",1,0.9,True,True,0.611482611012547,0.027394426229469023
instt_title,word,"(1, 1)",1,1.0,False,False,0.6106180637534013,0.015006286977312794
instt_title,word,"(1, 1)",1,0.9,False,False,0.6106180637534013,0.015006286977312794
instt_title,word,"(1, 2)",1,1.0,False,True,0.6095432108195711,0.02833693709764387
instt_title,word,"(1, 2)",1,0.9,False,True,0.6095432108195711,0.02833693709764387
title,word,"(1, 1)",1,1.0,False,False,0.6093317639068438,0.02709907976870594
title,word,"(1, 1)",1,0.9,False,False,0.6093317639068438,0.02709907976870594
title,word,"(1, 1)",1,0.9,True,False,0.6087105545447018,0.027976902661921335
title,word,"(1, 1)",1,1.0,True,False,0.6087105545447018,0.027976902661921335
title,word,"(1, 2)",1,1.0,False,False,0.6073944573538301,0.02582607235387515
title,word,"(1, 2)",1,0.9,False,False,0.6073944573538301,0.02582607235387515
title,word,"(1, 2)",1,0.9,True,False,0.606782901799515,0.02599498293765848
title,word,"(1, 2)",1,1.0,True,False,0.606782901799515,0.02599498293765848
instt_title,word,"(1, 2)",1,1.0,False,False,0.5979324558625854,0.026077272598783223
instt_title,word,"(1, 2)",1,0.9,False,False,0.5979324558625854,0.026077272598783223
instt_title,word,"(1, 2)",1,0.9,True,False,0.5969937603574859,0.02804536239111793
instt_title,word,"(1, 2)",1,1.0,True,False,0.5969937603574859,0.02804536239111793
instt_title,word,"(1, 1)",2,1.0,True,True,0.5862873595180471,0.015716278907459455
instt_title,word,"(1, 1)",2,0.9,True,True,0.5862873595180471,0.015716278907459455
instt_title,word,"(1, 1)",2,0.9,False,True,0.5852923111816666,0.01688676538454831
instt_title,word,"(1, 1)",2,1.0,False,True,0.5852923111816666,0.01688676538454831
instt_title,word,"(1, 1)",2,0.9,True,False,0.5818131784475228,0.017820493088659756
instt_title,word,"(1, 1)",2,1.0,True,False,0.5818131784475228,0.017820493088659756
instt_title,word,"(1, 1)",2,1.0,False,False,0.5793291368338693,0.017606358190665
instt_title,word,"(1, 1)",2,0.9,False,False,0.5793291368338693,0.017606358190665
title,word,"(1, 1)",2,1.0,True,False,0.5779266058663282,0.016361662569456783
title,word,"(1, 1)",2,0.9,True,False,0.5779266058663282,0.016361662569456783
title,word,"(1, 1)",2,0.9,False,False,0.5779080299456347,0.016294780346736357
title,word,"(1, 1)",2,1.0,False,False,0.5779080299456347,0.016294780346736357
title,word,"(1, 1)",2,1.0,False,True,0.5777406124337874,0.01914802241827902
title,word,"(1, 1)",2,0.9,False,True,0.5777406124337874,0.01914802241827902
title,word,"(1, 1)",2,0.9,True,True,0.5777360235139045,0.019254475977358212
title,word,"(1, 1)",2,1.0,True,True,0.5777360235139045,0.019254475977358212
instt_title,word,"(1, 2)",2,0.9,True,False,0.577573628819306,0.02115683143970663
instt_title,word,"(1, 2)",2,1.0,True,False,0.577573628819306,0.02115683143970663
title,word,"(1, 2)",2,1.0,False,False,0.577037158699249,0.01823367201196763
title,word,"(1, 2)",2,0.9,False,False,0.577037158699249,0.01823367201196763
instt_title,word,"(1, 2)",2,1.0,False,False,0.577016420777247,0.022701919167722042
instt_title,word,"(1, 2)",2,0.9,False,False,0.577016420777247,0.022701919167722042
title,word,"(1, 2)",2,0.9,True,False,0.576805426633241,0.018047839029100725
title,word,"(1, 2)",2,1.0,True,False,0.576805426633241,0.018047839029100725
instt_title,word,"(1, 2)",2,1.0,True,True,0.5742259483397314,0.02444650605037391
instt_title,word,"(1, 2)",2,0.9,True,True,0.5742259483397314,0.02444650605037391
instt_title,word,"(1, 2)",2,0.9,False,True,0.572911734781381,0.024624413155531356
instt_title,word,"(1, 2)",2,1.0,False,True,0.572911734781381,0.024624413155531356
title,word,"(1, 2)",2,1.0,False,True,0.568577707136853,0.016747525497891762
title,word,"(1, 2)",2,0.9,False,True,0.568577707136853,0.016747525497891762
title,word,"(1, 2)",2,0.9,True,True,0.5685031579020208,0.01653929113076602
title,word,"(1, 2)",2,1.0,True,True,0.5685031579020208,0.01653929113076602
instt_title,word,"(1, 2)",3,0.9,True,False,0.549629505652813,0.012524289312687358
instt_title,word,"(1, 2)",3,1.0,True,False,0.549629505652813,0.012524289312687358
instt_title,word,"(1, 2)",3,1.0,False,False,0.5493463208122478,0.012388068649763299
instt_title,word,"(1, 2)",3,0.9,False,False,0.5493463208122478,0.012388068649763299
instt_title,word,"(1, 1)",3,0.9,True,False,0.5479493219924276,0.009778697835907398
instt_title,word,"(1, 1)",3,1.0,True,False,0.5479493219924276,0.009778697835907398
instt_title,word,"(1, 1)",3,1.0,False,False,0.5466330535986087,0.010837921096890446
instt_title,word,"(1, 1)",3,0.9,False,False,0.5466330535986087,0.010837921096890446
instt_title,word,"(1, 2)",3,0.9,True,True,0.5402254634103598,0.01574360793499622
instt_title,word,"(1, 2)",3,1.0,True,True,0.5402254634103598,0.01574360793499622
instt_title,word,"(1, 2)",3,1.0,False,True,0.5400742365444114,0.014457289985854504
instt_title,word,"(1, 2)",3,0.9,False,True,0.5400742365444114,0.014457289985854504
instt_title,word,"(1, 1)",3,0.9,True,True,0.5392317440333587,0.0131990597389165
instt_title,word,"(1, 1)",3,1.0,True,True,0.5392317440333587,0.0131990597389165
instt_title,word,"(1, 1)",3,1.0,False,True,0.5386121370895908,0.013392724957210837
instt_title,word,"(1, 1)",3,0.9,False,True,0.5386121370895908,0.013392724957210837
title,word,"(1, 2)",3,0.9,False,False,0.517679426174493,0.022218851031198087
title,word,"(1, 2)",3,1.0,False,False,0.517679426174493,0.022218851031198087
title,word,"(1, 2)",3,1.0,True,False,0.5176147637798584,0.02221218848747895
title,word,"(1, 2)",3,0.9,True,False,0.5176147637798584,0.02221218848747895
title,word,"(1, 2)",3,1.0,False,True,0.517105930892537,0.022411314419978564
title,word,"(1, 2)",3,1.0,True,True,0.517105930892537,0.022411314419978554
title,word,"(1, 2)",3,0.9,False,True,0.517105930892537,0.022411314419978564
title,word,"(1, 2)",3,0.9,True,True,0.517105930892537,0.022411314419978554
title,word,"(1, 1)",3,0.9,False,True,0.5096421591364249,0.01313407006005161
title,word,"(1, 1)",3,0.9,True,True,0.5096421591364249,0.01313407006005161
title,word,"(1, 1)",3,1.0,False,True,0.5096421591364249,0.01313407006005161
title,word,"(1, 1)",3,1.0,True,True,0.5096421591364249,0.01313407006005161
title,word,"(1, 1)",3,0.9,False,False,0.5065681635484462,0.012499936338626219
title,word,"(1, 1)",3,1.0,False,False,0.5065681635484462,0.012499936338626219
title,word,"(1, 1)",3,1.0,True,False,0.5062884292314377,0.012436814880123503
title,word,"(1, 1)",3,0.9,True,False,0.5062884292314377,0.012436814880123503
